structure	score	beatTypes	spanRatio	leaves	minCycle	maxCycle	beatLevel
[2,2]	1.000000	1	1.0000	4	1.0000	2.0000	1
[2,2,2]	1.000000	1	1.0000	6	1.0000	3.0000	1
[3,3]	1.000000	1	1.0000	6	1.0000	3.0000	1
[[2,2],[2,2]]	1.000000	1	1.0000	8	1.0000	4.0000	1
[3,3,3]	1.000000	1	1.0000	9	1.0000	4.5000	1
[[2,2,2],[2,2,2]]	1.000000	1	1.0000	12	1.2000	5.0000	1
[[2,2],[2,2],[2,2]]	1.000000	1	1.0000	12	1.2000	5.0000	1
[[3,3],[3,3]]	1.000000	1	1.0000	12	1.2000	5.0000	1
[[[2,2],[2,2]],[[2,2],[2,2]]]	1.000000	1	1.0000	16	1.6000	5.0000	2
[[2,2,2],[2,2,2],[2,2,2]]	1.000000	1	1.0000	18	1.8000	5.0000	1
[[3,3,3],[3,3,3]]	1.000000	1	1.0000	18	1.8000	5.0000	1
[[3,3],[3,3],[3,3]]	1.000000	1	1.0000	18	1.8000	5.0000	1
[[2,2,2],[2,2]]	0.666667	1	1.5000	10	1.0000	5.0000	1
[[2,2],[2,2,2]]	0.666667	1	1.5000	10	1.0000	5.0000	1
[[2,2,2],[2,2],[2,2]]	0.666667	1	1.5000	14	1.4000	5.0000	1
[[2,2],[2,2,2],[2,2]]	0.666667	1	1.5000	14	1.4000	5.0000	1
[[2,2],[2,2],[2,2,2]]	0.666667	1	1.5000	14	1.4000	5.0000	1
[[3,3,3],[3,3]]	0.666667	1	1.5000	15	1.5000	5.0000	1
[[3,3],[3,3,3]]	0.666667	1	1.5000	15	1.5000	5.0000	1
[[2,2,2],[2,2,2],[2,2]]	0.666667	1	1.5000	16	1.6000	5.0000	1
[[2,2,2],[2,2],[2,2,2]]	0.666667	1	1.5000	16	1.6000	5.0000	1
[[2,2],[2,2,2],[2,2,2]]	0.666667	1	1.5000	16	1.6000	5.0000	1
[[[2,2],[2,2],[2,2]],[[2,2],[2,2]]]	0.666667	1	1.5000	20	2.0000	5.0000	2
[[[2,2],[2,2]],[[2,2],[2,2],[2,2]]]	0.666667	1	1.5000	20	2.0000	5.0000	2
[[[2,3],[2,3]],[[2,3],[2,3]]]	0.666667	1	1.5000	20	2.0000	5.0000	2
[[[3,2],[3,2]],[[3,2],[3,2]]]	0.666667	1	1.5000	20	2.0000	5.0000	2
[2,3]	0.500000	2	1.0000	5	1.0000	2.5000	1
[3,2]	0.500000	2	1.0000	5	1.0000	2.5000	1
[2,2,3]	0.500000	2	1.0000	7	1.0000	3.5000	1
[2,3,2]	0.500000	2	1.0000	7	1.0000	3.5000	1
[3,2,2]	0.500000	2	1.0000	7	1.0000	3.5000	1
[2,3,3]	0.500000	2	1.0000	8	1.0000	4.0000	1
[3,2,3]	0.500000	2	1.0000	8	1.0000	4.0000	1
[3,3,2]	0.500000	2	1.0000	8	1.0000	4.0000	1
[[2,3],[2,3]]	0.500000	2	1.0000	10	1.0000	5.0000	1
[[2,3],[3,2]]	0.500000	2	1.0000	10	1.0000	5.0000	1
[[3,2],[2,3]]	0.500000	2	1.0000	10	1.0000	5.0000	1
[[3,2],[3,2]]	0.500000	2	1.0000	10	1.0000	5.0000	1
[[2,2,2],[3,3]]	0.500000	2	1.0000	12	1.2000	5.0000	1
[[3,3],[2,2,2]]	0.500000	2	1.0000	12	1.2000	5.0000	1
[[2,2,3],[2,2,3]]	0.500000	2	1.0000	14	1.4000	5.0000	1
[[2,2,3],[2,3,2]]	0.500000	2	1.0000	14	1.4000	5.0000	1
[[2,2,3],[3,2,2]]	0.500000	2	1.0000	14	1.4000	5.0000	1
[[2,3,2],[2,2,3]]	0.500000	2	1.0000	14	1.4000	5.0000	1
[[2,3,2],[2,3,2]]	0.500000	2	1.0000	14	1.4000	5.0000	1
[[2,3,2],[3,2,2]]	0.500000	2	1.0000	14	1.4000	5.0000	1
[[3,2,2],[2,2,3]]	0.500000	2	1.0000	14	1.4000	5.0000	1
[[3,2,2],[2,3,2]]	0.500000	2	1.0000	14	1.4000	5.0000	1
[[3,2,2],[3,2,2]]	0.500000	2	1.0000	14	1.4000	5.0000	1
[[2,3],[2,3],[2,3]]	0.500000	2	1.0000	15	1.5000	5.0000	1
[[2,3],[2,3],[3,2]]	0.500000	2	1.0000	15	1.5000	5.0000	1
[[2,3],[3,2],[2,3]]	0.500000	2	1.0000	15	1.5000	5.0000	1
[[2,3],[3,2],[3,2]]	0.500000	2	1.0000	15	1.5000	5.0000	1
[[3,2],[2,3],[2,3]]	0.500000	2	1.0000	15	1.5000	5.0000	1
[[3,2],[2,3],[3,2]]	0.500000	2	1.0000	15	1.5000	5.0000	1
[[3,2],[3,2],[2,3]]	0.500000	2	1.0000	15	1.5000	5.0000	1
[[3,2],[3,2],[3,2]]	0.500000	2	1.0000	15	1.5000	5.0000	1
[[2,3,3],[2,3,3]]	0.500000	2	1.0000	16	1.6000	5.0000	1
[[2,3,3],[3,2,3]]	0.500000	2	1.0000	16	1.6000	5.0000	1
[[2,3,3],[3,3,2]]	0.500000	2	1.0000	16	1.6000	5.0000	1
[[3,2,3],[2,3,3]]	0.500000	2	1.0000	16	1.6000	5.0000	1
[[3,2,3],[3,2,3]]	0.500000	2	1.0000	16	1.6000	5.0000	1
[[3,2,3],[3,3,2]]	0.500000	2	1.0000	16	1.6000	5.0000	1
[[3,3,2],[2,3,3]]	0.500000	2	1.0000	16	1.6000	5.0000	1
[[3,3,2],[3,2,3]]	0.500000	2	1.0000	16	1.6000	5.0000	1
[[3,3,2],[3,3,2]]	0.500000	2	1.0000	16	1.6000	5.0000	1
[[2,2,2],[2,2,2],[3,3]]	0.500000	2	1.0000	18	1.8000	5.0000	1
[[2,2,2],[3,3],[2,2,2]]	0.500000	2	1.0000	18	1.8000	5.0000	1
[[2,2,2],[3,3],[3,3]]	0.500000	2	1.0000	18	1.8000	5.0000	1
[[3,3],[2,2,2],[2,2,2]]	0.500000	2	1.0000	18	1.8000	5.0000	1
[[3,3],[2,2,2],[3,3]]	0.500000	2	1.0000	18	1.8000	5.0000	1
[[3,3],[3,3],[2,2,2]]	0.500000	2	1.0000	18	1.8000	5.0000	1
[[[2,2,2],[2,2]],[[2,2,2],[2,2]]]	0.500000	2	1.0000	20	2.0000	5.0000	2
[[[2,2,2],[2,2]],[[2,2],[2,2,2]]]	0.500000	2	1.0000	20	2.0000	5.0000	2
[[[2,2],[2,2,2]],[[2,2,2],[2,2]]]	0.500000	2	1.0000	20	2.0000	5.0000	2
[[[2,2],[2,2,2]],[[2,2],[2,2,2]]]	0.500000	2	1.0000	20	2.0000	5.0000	2
[[[2,2],[3,3]],[[2,2],[3,3]]]	0.500000	2	1.0000	20	2.0000	5.0000	2
[[[2,2],[3,3]],[[3,3],[2,2]]]	0.500000	2	1.0000	20	2.0000	5.0000	2
[[[3,3],[2,2]],[[2,2],[3,3]]]	0.500000	2	1.0000	20	2.0000	5.0000	2
[[[3,3],[2,2]],[[3,3],[2,2]]]	0.500000	2	1.0000	20	2.0000	5.0000	2
[[2,3,3],[3,3,3]]	0.444444	2	1.1250	17	1.7000	5.0000	1
[[3,2,3],[3,3,3]]	0.444444	2	1.1250	17	1.7000	5.0000	1
[[3,3,2],[3,3,3]]	0.444444	2	1.1250	17	1.7000	5.0000	1
[[3,3,3],[2,3,3]]	0.444444	2	1.1250	17	1.7000	5.0000	1
[[3,3,3],[3,2,3]]	0.444444	2	1.1250	17	1.7000	5.0000	1
[[3,3,3],[3,3,2]]	0.444444	2	1.1250	17	1.7000	5.0000	1
[[2,2,3],[2,3,3]]	0.437500	2	1.1429	15	1.5000	5.0000	1
[[2,2,3],[3,2,3]]	0.437500	2	1.1429	15	1.5000	5.0000	1
[[2,2,3],[3,3,2]]	0.437500	2	1.1429	15	1.5000	5.0000	1
[[2,3,2],[2,3,3]]	0.437500	2	1.1429	15	1.5000	5.0000	1
[[2,3,2],[3,2,3]]	0.437500	2	1.1429	15	1.5000	5.0000	1
[[2,3,2],[3,3,2]]	0.437500	2	1.1429	15	1.5000	5.0000	1
[[2,3,3],[2,2,3]]	0.437500	2	1.1429	15	1.5000	5.0000	1
[[2,3,3],[2,3,2]]	0.437500	2	1.1429	15	1.5000	5.0000	1
[[2,3,3],[3,2,2]]	0.437500	2	1.1429	15	1.5000	5.0000	1
[[3,2,2],[2,3,3]]	0.437500	2	1.1429	15	1.5000	5.0000	1
[[3,2,2],[3,2,3]]	0.437500	2	1.1429	15	1.5000	5.0000	1
[[3,2,2],[3,3,2]]	0.437500	2	1.1429	15	1.5000	5.0000	1
[[3,2,3],[2,2,3]]	0.437500	2	1.1429	15	1.5000	5.0000	1
[[3,2,3],[2,3,2]]	0.437500	2	1.1429	15	1.5000	5.0000	1
[[3,2,3],[3,2,2]]	0.437500	2	1.1429	15	1.5000	5.0000	1
[[3,3,2],[2,2,3]]	0.437500	2	1.1429	15	1.5000	5.0000	1
[[3,3,2],[2,3,2]]	0.437500	2	1.1429	15	1.5000	5.0000	1
[[3,3,2],[3,2,2]]	0.437500	2	1.1429	15	1.5000	5.0000	1
[[2,2,2],[2,2,3]]	0.428571	2	1.1667	13	1.3000	5.0000	1
[[2,2,2],[2,3,2]]	0.428571	2	1.1667	13	1.3000	5.0000	1
[[2,2,2],[3,2,2]]	0.428571	2	1.1667	13	1.3000	5.0000	1
[[2,2,3],[2,2,2]]	0.428571	2	1.1667	13	1.3000	5.0000	1
[[2,2,3],[3,3]]	0.428571	2	1.1667	13	1.3000	5.0000	1
[[2,3,2],[2,2,2]]	0.428571	2	1.1667	13	1.3000	5.0000	1
[[2,3,2],[3,3]]	0.428571	2	1.1667	13	1.3000	5.0000	1
[[3,2,2],[2,2,2]]	0.428571	2	1.1667	13	1.3000	5.0000	1
[[3,2,2],[3,3]]	0.428571	2	1.1667	13	1.3000	5.0000	1
[[3,3],[2,2,3]]	0.428571	2	1.1667	13	1.3000	5.0000	1
[[3,3],[2,3,2]]	0.428571	2	1.1667	13	1.3000	5.0000	1
[[3,3],[3,2,2]]	0.428571	2	1.1667	13	1.3000	5.0000	1
[[2,2,2],[2,2,2],[2,2,3]]	0.428571	2	1.1667	19	1.9000	5.0000	1
[[2,2,2],[2,2,2],[2,3,2]]	0.428571	2	1.1667	19	1.9000	5.0000	1
[[2,2,2],[2,2,2],[3,2,2]]	0.428571	2	1.1667	19	1.9000	5.0000	1
[[2,2,2],[2,2,3],[2,2,2]]	0.428571	2	1.1667	19	1.9000	5.0000	1
[[2,2,2],[2,2,3],[3,3]]	0.428571	2	1.1667	19	1.9000	5.0000	1
[[2,2,2],[2,3,2],[2,2,2]]	0.428571	2	1.1667	19	1.9000	5.0000	1
[[2,2,2],[2,3,2],[3,3]]	0.428571	2	1.1667	19	1.9000	5.0000	1
[[2,2,2],[3,2,2],[2,2,2]]	0.428571	2	1.1667	19	1.9000	5.0000	1
[[2,2,2],[3,2,2],[3,3]]	0.428571	2	1.1667	19	1.9000	5.0000	1
[[2,2,2],[3,3],[2,2,3]]	0.428571	2	1.1667	19	1.9000	5.0000	1
[[2,2,2],[3,3],[2,3,2]]	0.428571	2	1.1667	19	1.9000	5.0000	1
[[2,2,2],[3,3],[3,2,2]]	0.428571	2	1.1667	19	1.9000	5.0000	1
[[2,2,3],[2,2,2],[2,2,2]]	0.428571	2	1.1667	19	1.9000	5.0000	1
[[2,2,3],[2,2,2],[3,3]]	0.428571	2	1.1667	19	1.9000	5.0000	1
[[2,2,3],[3,3],[2,2,2]]	0.428571	2	1.1667	19	1.9000	5.0000	1
[[2,2,3],[3,3],[3,3]]	0.428571	2	1.1667	19	1.9000	5.0000	1
[[2,3,2],[2,2,2],[2,2,2]]	0.428571	2	1.1667	19	1.9000	5.0000	1
[[2,3,2],[2,2,2],[3,3]]	0.428571	2	1.1667	19	1.9000	5.0000	1
[[2,3,2],[3,3],[2,2,2]]	0.428571	2	1.1667	19	1.9000	5.0000	1
[[2,3,2],[3,3],[3,3]]	0.428571	2	1.1667	19	1.9000	5.0000	1
[[3,2,2],[2,2,2],[2,2,2]]	0.428571	2	1.1667	19	1.9000	5.0000	1
[[3,2,2],[2,2,2],[3,3]]	0.428571	2	1.1667	19	1.9000	5.0000	1
[[3,2,2],[3,3],[2,2,2]]	0.428571	2	1.1667	19	1.9000	5.0000	1
[[3,2,2],[3,3],[3,3]]	0.428571	2	1.1667	19	1.9000	5.0000	1
[[3,3],[2,2,2],[2,2,3]]	0.428571	2	1.1667	19	1.9000	5.0000	1
[[3,3],[2,2,2],[2,3,2]]	0.428571	2	1.1667	19	1.9000	5.0000	1
[[3,3],[2,2,2],[3,2,2]]	0.428571	2	1.1667	19	1.9000	5.0000	1
[[3,3],[2,2,3],[2,2,2]]	0.428571	2	1.1667	19	1.9000	5.0000	1
[[3,3],[2,2,3],[3,3]]	0.428571	2	1.1667	19	1.9000	5.0000	1
[[3,3],[2,3,2],[2,2,2]]	0.428571	2	1.1667	19	1.9000	5.0000	1
[[3,3],[2,3,2],[3,3]]	0.428571	2	1.1667	19	1.9000	5.0000	1
[[3,3],[3,2,2],[2,2,2]]	0.428571	2	1.1667	19	1.9000	5.0000	1
[[3,3],[3,2,2],[3,3]]	0.428571	2	1.1667	19	1.9000	5.0000	1
[[3,3],[3,3],[2,2,3]]	0.428571	2	1.1667	19	1.9000	5.0000	1
[[3,3],[3,3],[2,3,2]]	0.428571	2	1.1667	19	1.9000	5.0000	1
[[3,3],[3,3],[3,2,2]]	0.428571	2	1.1667	19	1.9000	5.0000	1
[[2,2,2],[2,2,3],[2,2,3]]	0.428571	2	1.1667	20	2.0000	5.0000	1
[[2,2,2],[2,2,3],[2,3,2]]	0.428571	2	1.1667	20	2.0000	5.0000	1
[[2,2,2],[2,2,3],[3,2,2]]	0.428571	2	1.1667	20	2.0000	5.0000	1
[[2,2,2],[2,3,2],[2,2,3]]	0.428571	2	1.1667	20	2.0000	5.0000	1
[[2,2,2],[2,3,2],[2,3,2]]	0.428571	2	1.1667	20	2.0000	5.0000	1
[[2,2,2],[2,3,2],[3,2,2]]	0.428571	2	1.1667	20	2.0000	5.0000	1
[[2,2,2],[3,2,2],[2,2,3]]	0.428571	2	1.1667	20	2.0000	5.0000	1
[[2,2,2],[3,2,2],[2,3,2]]	0.428571	2	1.1667	20	2.0000	5.0000	1
[[2,2,2],[3,2,2],[3,2,2]]	0.428571	2	1.1667	20	2.0000	5.0000	1
[[2,2,3],[2,2,2],[2,2,3]]	0.428571	2	1.1667	20	2.0000	5.0000	1
[[2,2,3],[2,2,2],[2,3,2]]	0.428571	2	1.1667	20	2.0000	5.0000	1
[[2,2,3],[2,2,2],[3,2,2]]	0.428571	2	1.1667	20	2.0000	5.0000	1
[[2,2,3],[2,2,3],[2,2,2]]	0.428571	2	1.1667	20	2.0000	5.0000	1
[[2,2,3],[2,2,3],[3,3]]	0.428571	2	1.1667	20	2.0000	5.0000	1
[[2,2,3],[2,3,2],[2,2,2]]	0.428571	2	1.1667	20	2.0000	5.0000	1
[[2,2,3],[2,3,2],[3,3]]	0.428571	2	1.1667	20	2.0000	5.0000	1
[[2,2,3],[3,2,2],[2,2,2]]	0.428571	2	1.1667	20	2.0000	5.0000	1
[[2,2,3],[3,2,2],[3,3]]	0.428571	2	1.1667	20	2.0000	5.0000	1
[[2,2,3],[3,3],[2,2,3]]	0.428571	2	1.1667	20	2.0000	5.0000	1
[[2,2,3],[3,3],[2,3,2]]	0.428571	2	1.1667	20	2.0000	5.0000	1
[[2,2,3],[3,3],[3,2,2]]	0.428571	2	1.1667	20	2.0000	5.0000	1
[[2,3,2],[2,2,2],[2,2,3]]	0.428571	2	1.1667	20	2.0000	5.0000	1
[[2,3,2],[2,2,2],[2,3,2]]	0.428571	2	1.1667	20	2.0000	5.0000	1
[[2,3,2],[2,2,2],[3,2,2]]	0.428571	2	1.1667	20	2.0000	5.0000	1
[[2,3,2],[2,2,3],[2,2,2]]	0.428571	2	1.1667	20	2.0000	5.0000	1
[[2,3,2],[2,2,3],[3,3]]	0.428571	2	1.1667	20	2.0000	5.0000	1
[[2,3,2],[2,3,2],[2,2,2]]	0.428571	2	1.1667	20	2.0000	5.0000	1
[[2,3,2],[2,3,2],[3,3]]	0.428571	2	1.1667	20	2.0000	5.0000	1
[[2,3,2],[3,2,2],[2,2,2]]	0.428571	2	1.1667	20	2.0000	5.0000	1
[[2,3,2],[3,2,2],[3,3]]	0.428571	2	1.1667	20	2.0000	5.0000	1
[[2,3,2],[3,3],[2,2,3]]	0.428571	2	1.1667	20	2.0000	5.0000	1
[[2,3,2],[3,3],[2,3,2]]	0.428571	2	1.1667	20	2.0000	5.0000	1
[[2,3,2],[3,3],[3,2,2]]	0.428571	2	1.1667	20	2.0000	5.0000	1
[[3,2,2],[2,2,2],[2,2,3]]	0.428571	2	1.1667	20	2.0000	5.0000	1
[[3,2,2],[2,2,2],[2,3,2]]	0.428571	2	1.1667	20	2.0000	5.0000	1
[[3,2,2],[2,2,2],[3,2,2]]	0.428571	2	1.1667	20	2.0000	5.0000	1
[[3,2,2],[2,2,3],[2,2,2]]	0.428571	2	1.1667	20	2.0000	5.0000	1
[[3,2,2],[2,2,3],[3,3]]	0.428571	2	1.1667	20	2.0000	5.0000	1
[[3,2,2],[2,3,2],[2,2,2]]	0.428571	2	1.1667	20	2.0000	5.0000	1
[[3,2,2],[2,3,2],[3,3]]	0.428571	2	1.1667	20	2.0000	5.0000	1
[[3,2,2],[3,2,2],[2,2,2]]	0.428571	2	1.1667	20	2.0000	5.0000	1
[[3,2,2],[3,2,2],[3,3]]	0.428571	2	1.1667	20	2.0000	5.0000	1
[[3,2,2],[3,3],[2,2,3]]	0.428571	2	1.1667	20	2.0000	5.0000	1
[[3,2,2],[3,3],[2,3,2]]	0.428571	2	1.1667	20	2.0000	5.0000	1
[[3,2,2],[3,3],[3,2,2]]	0.428571	2	1.1667	20	2.0000	5.0000	1
[[3,3],[2,2,3],[2,2,3]]	0.428571	2	1.1667	20	2.0000	5.0000	1
[[3,3],[2,2,3],[2,3,2]]	0.428571	2	1.1667	20	2.0000	5.0000	1
[[3,3],[2,2,3],[3,2,2]]	0.428571	2	1.1667	20	2.0000	5.0000	1
[[3,3],[2,3,2],[2,2,3]]	0.428571	2	1.1667	20	2.0000	5.0000	1
[[3,3],[2,3,2],[2,3,2]]	0.428571	2	1.1667	20	2.0000	5.0000	1
[[3,3],[2,3,2],[3,2,2]]	0.428571	2	1.1667	20	2.0000	5.0000	1
[[3,3],[3,2,2],[2,2,3]]	0.428571	2	1.1667	20	2.0000	5.0000	1
[[3,3],[3,2,2],[2,3,2]]	0.428571	2	1.1667	20	2.0000	5.0000	1
[[3,3],[3,2,2],[3,2,2]]	0.428571	2	1.1667	20	2.0000	5.0000	1
[[2,2,2],[2,3]]	0.416667	2	1.2000	11	1.1000	5.0000	1
[[2,2,2],[3,2]]	0.416667	2	1.2000	11	1.1000	5.0000	1
[[2,3],[2,2,2]]	0.416667	2	1.2000	11	1.1000	5.0000	1
[[2,3],[3,3]]	0.416667	2	1.2000	11	1.1000	5.0000	1
[[3,2],[2,2,2]]	0.416667	2	1.2000	11	1.1000	5.0000	1
[[3,2],[3,3]]	0.416667	2	1.2000	11	1.1000	5.0000	1
[[3,3],[2,3]]	0.416667	2	1.2000	11	1.1000	5.0000	1
[[3,3],[3,2]]	0.416667	2	1.2000	11	1.1000	5.0000	1
[[2,2,2],[2,3],[2,3]]	0.416667	2	1.2000	16	1.6000	5.0000	1
[[2,2,2],[2,3],[3,2]]	0.416667	2	1.2000	16	1.6000	5.0000	1
[[2,2,2],[3,2],[2,3]]	0.416667	2	1.2000	16	1.6000	5.0000	1
[[2,2,2],[3,2],[3,2]]	0.416667	2	1.2000	16	1.6000	5.0000	1
[[2,3],[2,2,2],[2,3]]	0.416667	2	1.2000	16	1.6000	5.0000	1
[[2,3],[2,2,2],[3,2]]	0.416667	2	1.2000	16	1.6000	5.0000	1
[[2,3],[2,3],[2,2,2]]	0.416667	2	1.2000	16	1.6000	5.0000	1
[[2,3],[2,3],[3,3]]	0.416667	2	1.2000	16	1.6000	5.0000	1
[[2,3],[3,2],[2,2,2]]	0.416667	2	1.2000	16	1.6000	5.0000	1
[[2,3],[3,2],[3,3]]	0.416667	2	1.2000	16	1.6000	5.0000	1
[[2,3],[3,3],[2,3]]	0.416667	2	1.2000	16	1.6000	5.0000	1
[[2,3],[3,3],[3,2]]	0.416667	2	1.2000	16	1.6000	5.0000	1
[[3,2],[2,2,2],[2,3]]	0.416667	2	1.2000	16	1.6000	5.0000	1
[[3,2],[2,2,2],[3,2]]	0.416667	2	1.2000	16	1.6000	5.0000	1
[[3,2],[2,3],[2,2,2]]	0.416667	2	1.2000	16	1.6000	5.0000	1
[[3,2],[2,3],[3,3]]	0.416667	2	1.2000	16	1.6000	5.0000	1
[[3,2],[3,2],[2,2,2]]	0.416667	2	1.2000	16	1.6000	5.0000	1
[[3,2],[3,2],[3,3]]	0.416667	2	1.2000	16	1.6000	5.0000	1
[[3,2],[3,3],[2,3]]	0.416667	2	1.2000	16	1.6000	5.0000	1
[[3,2],[3,3],[3,2]]	0.416667	2	1.2000	16	1.6000	5.0000	1
[[3,3],[2,3],[2,3]]	0.416667	2	1.2000	16	1.6000	5.0000	1
[[3,3],[2,3],[3,2]]	0.416667	2	1.2000	16	1.6000	5.0000	1
[[3,3],[3,2],[2,3]]	0.416667	2	1.2000	16	1.6000	5.0000	1
[[3,3],[3,2],[3,2]]	0.416667	2	1.2000	16	1.6000	5.0000	1
[[2,2,2],[2,2,2],[2,3]]	0.416667	2	1.2000	17	1.7000	5.0000	1
[[2,2,2],[2,2,2],[3,2]]	0.416667	2	1.2000	17	1.7000	5.0000	1
[[2,2,2],[2,3],[2,2,2]]	0.416667	2	1.2000	17	1.7000	5.0000	1
[[2,2,2],[2,3],[3,3]]	0.416667	2	1.2000	17	1.7000	5.0000	1
[[2,2,2],[3,2],[2,2,2]]	0.416667	2	1.2000	17	1.7000	5.0000	1
[[2,2,2],[3,2],[3,3]]	0.416667	2	1.2000	17	1.7000	5.0000	1
[[2,2,2],[3,3],[2,3]]	0.416667	2	1.2000	17	1.7000	5.0000	1
[[2,2,2],[3,3],[3,2]]	0.416667	2	1.2000	17	1.7000	5.0000	1
[[2,3],[2,2,2],[2,2,2]]	0.416667	2	1.2000	17	1.7000	5.0000	1
[[2,3],[2,2,2],[3,3]]	0.416667	2	1.2000	17	1.7000	5.0000	1
[[2,3],[3,3],[2,2,2]]	0.416667	2	1.2000	17	1.7000	5.0000	1
[[2,3],[3,3],[3,3]]	0.416667	2	1.2000	17	1.7000	5.0000	1
[[3,2],[2,2,2],[2,2,2]]	0.416667	2	1.2000	17	1.7000	5.0000	1
[[3,2],[2,2,2],[3,3]]	0.416667	2	1.2000	17	1.7000	5.0000	1
[[3,2],[3,3],[2,2,2]]	0.416667	2	1.2000	17	1.7000	5.0000	1
[[3,2],[3,3],[3,3]]	0.416667	2	1.2000	17	1.7000	5.0000	1
[[3,3],[2,2,2],[2,3]]	0.416667	2	1.2000	17	1.7000	5.0000	1
[[3,3],[2,2,2],[3,2]]	0.416667	2	1.2000	17	1.7000	5.0000	1
[[3,3],[2,3],[2,2,2]]	0.416667	2	1.2000	17	1.7000	5.0000	1
[[3,3],[2,3],[3,3]]	0.416667	2	1.2000	17	1.7000	5.0000	1
[[3,3],[3,2],[2,2,2]]	0.416667	2	1.2000	17	1.7000	5.0000	1
[[3,3],[3,2],[3,3]]	0.416667	2	1.2000	17	1.7000	5.0000	1
[[3,3],[3,3],[2,3]]	0.416667	2	1.2000	17	1.7000	5.0000	1
[[3,3],[3,3],[3,2]]	0.416667	2	1.2000	17	1.7000	5.0000	1
[[2,2],[2,3]]	0.400000	2	1.2500	9	1.0000	4.5000	1
[[2,2],[3,2]]	0.400000	2	1.2500	9	1.0000	4.5000	1
[[2,3],[2,2]]	0.400000	2	1.2500	9	1.0000	4.5000	1
[[3,2],[2,2]]	0.400000	2	1.2500	9	1.0000	4.5000	1
[[2,2],[2,2],[2,3]]	0.400000	2	1.2500	13	1.3000	5.0000	1
[[2,2],[2,2],[3,2]]	0.400000	2	1.2500	13	1.3000	5.0000	1
[[2,2],[2,3],[2,2]]	0.400000	2	1.2500	13	1.3000	5.0000	1
[[2,2],[3,2],[2,2]]	0.400000	2	1.2500	13	1.3000	5.0000	1
[[2,3],[2,2],[2,2]]	0.400000	2	1.2500	13	1.3000	5.0000	1
[[3,2],[2,2],[2,2]]	0.400000	2	1.2500	13	1.3000	5.0000	1
[[2,2],[2,3],[2,3]]	0.400000	2	1.2500	14	1.4000	5.0000	1
[[2,2],[2,3],[3,2]]	0.400000	2	1.2500	14	1.4000	5.0000	1
[[2,2],[3,2],[2,3]]	0.400000	2	1.2500	14	1.4000	5.0000	1
[[2,2],[3,2],[3,2]]	0.400000	2	1.2500	14	1.4000	5.0000	1
[[2,3],[2,2],[2,3]]	0.400000	2	1.2500	14	1.4000	5.0000	1
[[2,3],[2,2],[3,2]]	0.400000	2	1.2500	14	1.4000	5.0000	1
[[2,3],[2,3],[2,2]]	0.400000	2	1.2500	14	1.4000	5.0000	1
[[2,3],[3,2],[2,2]]	0.400000	2	1.2500	14	1.4000	5.0000	1
[[3,2],[2,2],[2,3]]	0.400000	2	1.2500	14	1.4000	5.0000	1
[[3,2],[2,2],[3,2]]	0.400000	2	1.2500	14	1.4000	5.0000	1
[[3,2],[2,3],[2,2]]	0.400000	2	1.2500	14	1.4000	5.0000	1
[[3,2],[3,2],[2,2]]	0.400000	2	1.2500	14	1.4000	5.0000	1
[[[2,2,2],[2,2]],[[2,2],[2,2]]]	0.400000	2	1.2500	18	1.8000	5.0000	2
[[[2,2],[2,2,2]],[[2,2],[2,2]]]	0.400000	2	1.2500	18	1.8000	5.0000	2
[[[2,2],[2,2]],[[2,2,2],[2,2]]]	0.400000	2	1.2500	18	1.8000	5.0000	2
[[[2,2],[2,2]],[[2,2],[2,2,2]]]	0.400000	2	1.2500	18	1.8000	5.0000	2
[[[2,2],[2,2]],[[2,2],[3,3]]]	0.400000	2	1.2500	18	1.8000	5.0000	2
[[[2,2],[2,2]],[[3,3],[2,2]]]	0.400000	2	1.2500	18	1.8000	5.0000	2
[[[2,2],[3,3]],[[2,2],[2,2]]]	0.400000	2	1.2500	18	1.8000	5.0000	2
[[[3,3],[2,2]],[[2,2],[2,2]]]	0.400000	2	1.2500	18	1.8000	5.0000	2
[[2,2,3],[3,3,3]]	0.388889	2	1.2857	16	1.6000	5.0000	1
[[2,3,2],[3,3,3]]	0.388889	2	1.2857	16	1.6000	5.0000	1
[[3,2,2],[3,3,3]]	0.388889	2	1.2857	16	1.6000	5.0000	1
[[3,3,3],[2,2,3]]	0.388889	2	1.2857	16	1.6000	5.0000	1
[[3,3,3],[2,3,2]]	0.388889	2	1.2857	16	1.6000	5.0000	1
[[3,3,3],[3,2,2]]	0.388889	2	1.2857	16	1.6000	5.0000	1
[[2,2,2],[2,3,3]]	0.375000	2	1.3333	14	1.4000	5.0000	1
[[2,2,2],[3,2,3]]	0.375000	2	1.3333	14	1.4000	5.0000	1
[[2,2,2],[3,3,2]]	0.375000	2	1.3333	14	1.4000	5.0000	1
[[2,3,3],[2,2,2]]	0.375000	2	1.3333	14	1.4000	5.0000	1
[[2,3,3],[3,3]]	0.375000	2	1.3333	14	1.4000	5.0000	1
[[3,2,3],[2,2,2]]	0.375000	2	1.3333	14	1.4000	5.0000	1
[[3,2,3],[3,3]]	0.375000	2	1.3333	14	1.4000	5.0000	1
[[3,3,2],[2,2,2]]	0.375000	2	1.3333	14	1.4000	5.0000	1
[[3,3,2],[3,3]]	0.375000	2	1.3333	14	1.4000	5.0000	1
[[3,3],[2,3,3]]	0.375000	2	1.3333	14	1.4000	5.0000	1
[[3,3],[3,2,3]]	0.375000	2	1.3333	14	1.4000	5.0000	1
[[3,3],[3,3,2]]	0.375000	2	1.3333	14	1.4000	5.0000	1
[[2,2,2],[2,2,2],[2,3,3]]	0.375000	2	1.3333	20	2.0000	5.0000	1
[[2,2,2],[2,2,2],[3,2,3]]	0.375000	2	1.3333	20	2.0000	5.0000	1
[[2,2,2],[2,2,2],[3,3,2]]	0.375000	2	1.3333	20	2.0000	5.0000	1
[[2,2,2],[2,3,3],[2,2,2]]	0.375000	2	1.3333	20	2.0000	5.0000	1
[[2,2,2],[2,3,3],[3,3]]	0.375000	2	1.3333	20	2.0000	5.0000	1
[[2,2,2],[3,2,3],[2,2,2]]	0.375000	2	1.3333	20	2.0000	5.0000	1
[[2,2,2],[3,2,3],[3,3]]	0.375000	2	1.3333	20	2.0000	5.0000	1
[[2,2,2],[3,3,2],[2,2,2]]	0.375000	2	1.3333	20	2.0000	5.0000	1
[[2,2,2],[3,3,2],[3,3]]	0.375000	2	1.3333	20	2.0000	5.0000	1
[[2,2,2],[3,3],[2,3,3]]	0.375000	2	1.3333	20	2.0000	5.0000	1
[[2,2,2],[3,3],[3,2,3]]	0.375000	2	1.3333	20	2.0000	5.0000	1
[[2,2,2],[3,3],[3,3,2]]	0.375000	2	1.3333	20	2.0000	5.0000	1
[[2,3,3],[2,2,2],[2,2,2]]	0.375000	2	1.3333	20	2.0000	5.0000	1
[[2,3,3],[2,2,2],[3,3]]	0.375000	2	1.3333	20	2.0000	5.0000	1
[[2,3,3],[3,3],[2,2,2]]	0.375000	2	1.3333	20	2.0000	5.0000	1
[[2,3,3],[3,3],[3,3]]	0.375000	2	1.3333	20	2.0000	5.0000	1
[[3,2,3],[2,2,2],[2,2,2]]	0.375000	2	1.3333	20	2.0000	5.0000	1
[[3,2,3],[2,2,2],[3,3]]	0.375000	2	1.3333	20	2.0000	5.0000	1
[[3,2,3],[3,3],[2,2,2]]	0.375000	2	1.3333	20	2.0000	5.0000	1
[[3,2,3],[3,3],[3,3]]	0.375000	2	1.3333	20	2.0000	5.0000	1
[[3,3,2],[2,2,2],[2,2,2]]	0.375000	2	1.3333	20	2.0000	5.0000	1
[[3,3,2],[2,2,2],[3,3]]	0.375000	2	1.3333	20	2.0000	5.0000	1
[[3,3,2],[3,3],[2,2,2]]	0.375000	2	1.3333	20	2.0000	5.0000	1
[[3,3,2],[3,3],[3,3]]	0.375000	2	1.3333	20	2.0000	5.0000	1
[[3,3],[2,2,2],[2,3,3]]	0.375000	2	1.3333	20	2.0000	5.0000	1
[[3,3],[2,2,2],[3,2,3]]	0.375000	2	1.3333	20	2.0000	5.0000	1
[[3,3],[2,2,2],[3,3,2]]	0.375000	2	1.3333	20	2.0000	5.0000	1
[[3,3],[2,3,3],[2,2,2]]	0.375000	2	1.3333	20	2.0000	5.0000	1
[[3,3],[2,3,3],[3,3]]	0.375000	2	1.3333	20	2.0000	5.0000	1
[[3,3],[3,2,3],[2,2,2]]	0.375000	2	1.3333	20	2.0000	5.0000	1
[[3,3],[3,2,3],[3,3]]	0.375000	2	1.3333	20	2.0000	5.0000	1
[[3,3],[3,3,2],[2,2,2]]	0.375000	2	1.3333	20	2.0000	5.0000	1
[[3,3],[3,3,2],[3,3]]	0.375000	2	1.3333	20	2.0000	5.0000	1
[[3,3],[3,3],[2,3,3]]	0.375000	2	1.3333	20	2.0000	5.0000	1
[[3,3],[3,3],[3,2,3]]	0.375000	2	1.3333	20	2.0000	5.0000	1
[[3,3],[3,3],[3,3,2]]	0.375000	2	1.3333	20	2.0000	5.0000	1
[[2,2,3],[2,3]]	0.357143	2	1.4000	12	1.2000	5.0000	1
[[2,2,3],[3,2]]	0.357143	2	1.4000	12	1.2000	5.0000	1
[[2,3,2],[2,3]]	0.357143	2	1.4000	12	1.2000	5.0000	1
[[2,3,2],[3,2]]	0.357143	2	1.4000	12	1.2000	5.0000	1
[[2,3],[2,2,3]]	0.357143	2	1.4000	12	1.2000	5.0000	1
[[2,3],[2,3,2]]	0.357143	2	1.4000	12	1.2000	5.0000	1
[[2,3],[3,2,2]]	0.357143	2	1.4000	12	1.2000	5.0000	1
[[3,2,2],[2,3]]	0.357143	2	1.4000	12	1.2000	5.0000	1
[[3,2,2],[3,2]]	0.357143	2	1.4000	12	1.2000	5.0000	1
[[3,2],[2,2,3]]	0.357143	2	1.4000	12	1.2000	5.0000	1
[[3,2],[2,3,2]]	0.357143	2	1.4000	12	1.2000	5.0000	1
[[3,2],[3,2,2]]	0.357143	2	1.4000	12	1.2000	5.0000	1
[[2,2,3],[2,3],[2,3]]	0.357143	2	1.4000	17	1.7000	5.0000	1
[[2,2,3],[2,3],[3,2]]	0.357143	2	1.4000	17	1.7000	5.0000	1
[[2,2,3],[3,2],[2,3]]	0.357143	2	1.4000	17	1.7000	5.0000	1
[[2,2,3],[3,2],[3,2]]	0.357143	2	1.4000	17	1.7000	5.0000	1
[[2,3,2],[2,3],[2,3]]	0.357143	2	1.4000	17	1.7000	5.0000	1
[[2,3,2],[2,3],[3,2]]	0.357143	2	1.4000	17	1.7000	5.0000	1
[[2,3,2],[3,2],[2,3]]	0.357143	2	1.4000	17	1.7000	5.0000	1
[[2,3,2],[3,2],[3,2]]	0.357143	2	1.4000	17	1.7000	5.0000	1
[[2,3],[2,2,3],[2,3]]	0.357143	2	1.4000	17	1.7000	5.0000	1
[[2,3],[2,2,3],[3,2]]	0.357143	2	1.4000	17	1.7000	5.0000	1
[[2,3],[2,3,2],[2,3]]	0.357143	2	1.4000	17	1.7000	5.0000	1
[[2,3],[2,3,2],[3,2]]	0.357143	2	1.4000	17	1.7000	5.0000	1
[[2,3],[2,3],[2,2,3]]	0.357143	2	1.4000	17	1.7000	5.0000	1
[[2,3],[2,3],[2,3,2]]	0.357143	2	1.4000	17	1.7000	5.0000	1
[[2,3],[2,3],[3,2,2]]	0.357143	2	1.4000	17	1.7000	5.0000	1
[[2,3],[3,2,2],[2,3]]	0.357143	2	1.4000	17	1.7000	5.0000	1
[[2,3],[3,2,2],[3,2]]	0.357143	2	1.4000	17	1.7000	5.0000	1
[[2,3],[3,2],[2,2,3]]	0.357143	2	1.4000	17	1.7000	5.0000	1
[[2,3],[3,2],[2,3,2]]	0.357143	2	1.4000	17	1.7000	5.0000	1
[[2,3],[3,2],[3,2,2]]	0.357143	2	1.4000	17	1.7000	5.0000	1
[[3,2,2],[2,3],[2,3]]	0.357143	2	1.4000	17	1.7000	5.0000	1
[[3,2,2],[2,3],[3,2]]	0.357143	2	1.4000	17	1.7000	5.0000	1
[[3,2,2],[3,2],[2,3]]	0.357143	2	1.4000	17	1.7000	5.0000	1
[[3,2,2],[3,2],[3,2]]	0.357143	2	1.4000	17	1.7000	5.0000	1
[[3,2],[2,2,3],[2,3]]	0.357143	2	1.4000	17	1.7000	5.0000	1
[[3,2],[2,2,3],[3,2]]	0.357143	2	1.4000	17	1.7000	5.0000	1
[[3,2],[2,3,2],[2,3]]	0.357143	2	1.4000	17	1.7000	5.0000	1
[[3,2],[2,3,2],[3,2]]	0.357143	2	1.4000	17	1.7000	5.0000	1
[[3,2],[2,3],[2,2,3]]	0.357143	2	1.4000	17	1.7000	5.0000	1
[[3,2],[2,3],[2,3,2]]	0.357143	2	1.4000	17	1.7000	5.0000	1
[[3,2],[2,3],[3,2,2]]	0.357143	2	1.4000	17	1.7000	5.0000	1
[[3,2],[3,2,2],[2,3]]	0.357143	2	1.4000	17	1.7000	5.0000	1
[[3,2],[3,2,2],[3,2]]	0.357143	2	1.4000	17	1.7000	5.0000	1
[[3,2],[3,2],[2,2,3]]	0.357143	2	1.4000	17	1.7000	5.0000	1
[[3,2],[3,2],[2,3,2]]	0.357143	2	1.4000	17	1.7000	5.0000	1
[[3,2],[3,2],[3,2,2]]	0.357143	2	1.4000	17	1.7000	5.0000	1
[[2,2,2],[2,2,3],[2,3]]	0.357143	2	1.4000	18	1.8000	5.0000	1
[[2,2,2],[2,2,3],[3,2]]	0.357143	2	1.4000	18	1.8000	5.0000	1
[[2,2,2],[2,3,2],[2,3]]	0.357143	2	1.4000	18	1.8000	5.0000	1
[[2,2,2],[2,3,2],[3,2]]	0.357143	2	1.4000	18	1.8000	5.0000	1
[[2,2,2],[2,3],[2,2,3]]	0.357143	2	1.4000	18	1.8000	5.0000	1
[[2,2,2],[2,3],[2,3,2]]	0.357143	2	1.4000	18	1.8000	5.0000	1
[[2,2,2],[2,3],[3,2,2]]	0.357143	2	1.4000	18	1.8000	5.0000	1
[[2,2,2],[3,2,2],[2,3]]	0.357143	2	1.4000	18	1.8000	5.0000	1
[[2,2,2],[3,2,2],[3,2]]	0.357143	2	1.4000	18	1.8000	5.0000	1
[[2,2,2],[3,2],[2,2,3]]	0.357143	2	1.4000	18	1.8000	5.0000	1
[[2,2,2],[3,2],[2,3,2]]	0.357143	2	1.4000	18	1.8000	5.0000	1
[[2,2,2],[3,2],[3,2,2]]	0.357143	2	1.4000	18	1.8000	5.0000	1
[[2,2,3],[2,2,2],[2,3]]	0.357143	2	1.4000	18	1.8000	5.0000	1
[[2,2,3],[2,2,2],[3,2]]	0.357143	2	1.4000	18	1.8000	5.0000	1
[[2,2,3],[2,3],[2,2,2]]	0.357143	2	1.4000	18	1.8000	5.0000	1
[[2,2,3],[2,3],[3,3]]	0.357143	2	1.4000	18	1.8000	5.0000	1
[[2,2,3],[3,2],[2,2,2]]	0.357143	2	1.4000	18	1.8000	5.0000	1
[[2,2,3],[3,2],[3,3]]	0.357143	2	1.4000	18	1.8000	5.0000	1
[[2,2,3],[3,3],[2,3]]	0.357143	2	1.4000	18	1.8000	5.0000	1
[[2,2,3],[3,3],[3,2]]	0.357143	2	1.4000	18	1.8000	5.0000	1
[[2,3,2],[2,2,2],[2,3]]	0.357143	2	1.4000	18	1.8000	5.0000	1
[[2,3,2],[2,2,2],[3,2]]	0.357143	2	1.4000	18	1.8000	5.0000	1
[[2,3,2],[2,3],[2,2,2]]	0.357143	2	1.4000	18	1.8000	5.0000	1
[[2,3,2],[2,3],[3,3]]	0.357143	2	1.4000	18	1.8000	5.0000	1
[[2,3,2],[3,2],[2,2,2]]	0.357143	2	1.4000	18	1.8000	5.0000	1
[[2,3,2],[3,2],[3,3]]	0.357143	2	1.4000	18	1.8000	5.0000	1
[[2,3,2],[3,3],[2,3]]	0.357143	2	1.4000	18	1.8000	5.0000	1
[[2,3,2],[3,3],[3,2]]	0.357143	2	1.4000	18	1.8000	5.0000	1
[[2,3],[2,2,2],[2,2,3]]	0.357143	2	1.4000	18	1.8000	5.0000	1
[[2,3],[2,2,2],[2,3,2]]	0.357143	2	1.4000	18	1.8000	5.0000	1
[[2,3],[2,2,2],[3,2,2]]	0.357143	2	1.4000	18	1.8000	5.0000	1
[[2,3],[2,2,3],[2,2,2]]	0.357143	2	1.4000	18	1.8000	5.0000	1
[[2,3],[2,2,3],[3,3]]	0.357143	2	1.4000	18	1.8000	5.0000	1
[[2,3],[2,3,2],[2,2,2]]	0.357143	2	1.4000	18	1.8000	5.0000	1
[[2,3],[2,3,2],[3,3]]	0.357143	2	1.4000	18	1.8000	5.0000	1
[[2,3],[3,2,2],[2,2,2]]	0.357143	2	1.4000	18	1.8000	5.0000	1
[[2,3],[3,2,2],[3,3]]	0.357143	2	1.4000	18	1.8000	5.0000	1
[[2,3],[3,3],[2,2,3]]	0.357143	2	1.4000	18	1.8000	5.0000	1
[[2,3],[3,3],[2,3,2]]	0.357143	2	1.4000	18	1.8000	5.0000	1
[[2,3],[3,3],[3,2,2]]	0.357143	2	1.4000	18	1.8000	5.0000	1
[[3,2,2],[2,2,2],[2,3]]	0.357143	2	1.4000	18	1.8000	5.0000	1
[[3,2,2],[2,2,2],[3,2]]	0.357143	2	1.4000	18	1.8000	5.0000	1
[[3,2,2],[2,3],[2,2,2]]	0.357143	2	1.4000	18	1.8000	5.0000	1
[[3,2,2],[2,3],[3,3]]	0.357143	2	1.4000	18	1.8000	5.0000	1
[[3,2,2],[3,2],[2,2,2]]	0.357143	2	1.4000	18	1.8000	5.0000	1
[[3,2,2],[3,2],[3,3]]	0.357143	2	1.4000	18	1.8000	5.0000	1
[[3,2,2],[3,3],[2,3]]	0.357143	2	1.4000	18	1.8000	5.0000	1
[[3,2,2],[3,3],[3,2]]	0.357143	2	1.4000	18	1.8000	5.0000	1
[[3,2],[2,2,2],[2,2,3]]	0.357143	2	1.4000	18	1.8000	5.0000	1
[[3,2],[2,2,2],[2,3,2]]	0.357143	2	1.4000	18	1.8000	5.0000	1
[[3,2],[2,2,2],[3,2,2]]	0.357143	2	1.4000	18	1.8000	5.0000	1
[[3,2],[2,2,3],[2,2,2]]	0.357143	2	1.4000	18	1.8000	5.0000	1
[[3,2],[2,2,3],[3,3]]	0.357143	2	1.4000	18	1.8000	5.0000	1
[[3,2],[2,3,2],[2,2,2]]	0.357143	2	1.4000	18	1.8000	5.0000	1
[[3,2],[2,3,2],[3,3]]	0.357143	2	1.4000	18	1.8000	5.0000	1
[[3,2],[3,2,2],[2,2,2]]	0.357143	2	1.4000	18	1.8000	5.0000	1
[[3,2],[3,2,2],[3,3]]	0.357143	2	1.4000	18	1.8000	5.0000	1
[[3,2],[3,3],[2,2,3]]	0.357143	2	1.4000	18	1.8000	5.0000	1
[[3,2],[3,3],[2,3,2]]	0.357143	2	1.4000	18	1.8000	5.0000	1
[[3,2],[3,3],[3,2,2]]	0.357143	2	1.4000	18	1.8000	5.0000	1
[[3,3],[2,2,3],[2,3]]	0.357143	2	1.4000	18	1.8000	5.0000	1
[[3,3],[2,2,3],[3,2]]	0.357143	2	1.4000	18	1.8000	5.0000	1
[[3,3],[2,3,2],[2,3]]	0.357143	2	1.4000	18	1.8000	5.0000	1
[[3,3],[2,3,2],[3,2]]	0.357143	2	1.4000	18	1.8000	5.0000	1
[[3,3],[2,3],[2,2,3]]	0.357143	2	1.4000	18	1.8000	5.0000	1
[[3,3],[2,3],[2,3,2]]	0.357143	2	1.4000	18	1.8000	5.0000	1
[[3,3],[2,3],[3,2,2]]	0.357143	2	1.4000	18	1.8000	5.0000	1
[[3,3],[3,2,2],[2,3]]	0.357143	2	1.4000	18	1.8000	5.0000	1
[[3,3],[3,2,2],[3,2]]	0.357143	2	1.4000	18	1.8000	5.0000	1
[[3,3],[3,2],[2,2,3]]	0.357143	2	1.4000	18	1.8000	5.0000	1
[[3,3],[3,2],[2,3,2]]	0.357143	2	1.4000	18	1.8000	5.0000	1
[[3,3],[3,2],[3,2,2]]	0.357143	2	1.4000	18	1.8000	5.0000	1
[[2,2,3],[2,2,3],[2,3]]	0.357143	2	1.4000	19	1.9000	5.0000	1
[[2,2,3],[2,2,3],[3,2]]	0.357143	2	1.4000	19	1.9000	5.0000	1
[[2,2,3],[2,3,2],[2,3]]	0.357143	2	1.4000	19	1.9000	5.0000	1
[[2,2,3],[2,3,2],[3,2]]	0.357143	2	1.4000	19	1.9000	5.0000	1
[[2,2,3],[2,3],[2,2,3]]	0.357143	2	1.4000	19	1.9000	5.0000	1
[[2,2,3],[2,3],[2,3,2]]	0.357143	2	1.4000	19	1.9000	5.0000	1
[[2,2,3],[2,3],[3,2,2]]	0.357143	2	1.4000	19	1.9000	5.0000	1
[[2,2,3],[3,2,2],[2,3]]	0.357143	2	1.4000	19	1.9000	5.0000	1
[[2,2,3],[3,2,2],[3,2]]	0.357143	2	1.4000	19	1.9000	5.0000	1
[[2,2,3],[3,2],[2,2,3]]	0.357143	2	1.4000	19	1.9000	5.0000	1
[[2,2,3],[3,2],[2,3,2]]	0.357143	2	1.4000	19	1.9000	5.0000	1
[[2,2,3],[3,2],[3,2,2]]	0.357143	2	1.4000	19	1.9000	5.0000	1
[[2,3,2],[2,2,3],[2,3]]	0.357143	2	1.4000	19	1.9000	5.0000	1
[[2,3,2],[2,2,3],[3,2]]	0.357143	2	1.4000	19	1.9000	5.0000	1
[[2,3,2],[2,3,2],[2,3]]	0.357143	2	1.4000	19	1.9000	5.0000	1
[[2,3,2],[2,3,2],[3,2]]	0.357143	2	1.4000	19	1.9000	5.0000	1
[[2,3,2],[2,3],[2,2,3]]	0.357143	2	1.4000	19	1.9000	5.0000	1
[[2,3,2],[2,3],[2,3,2]]	0.357143	2	1.4000	19	1.9000	5.0000	1
[[2,3,2],[2,3],[3,2,2]]	0.357143	2	1.4000	19	1.9000	5.0000	1
[[2,3,2],[3,2,2],[2,3]]	0.357143	2	1.4000	19	1.9000	5.0000	1
[[2,3,2],[3,2,2],[3,2]]	0.357143	2	1.4000	19	1.9000	5.0000	1
[[2,3,2],[3,2],[2,2,3]]	0.357143	2	1.4000	19	1.9000	5.0000	1
[[2,3,2],[3,2],[2,3,2]]	0.357143	2	1.4000	19	1.9000	5.0000	1
[[2,3,2],[3,2],[3,2,2]]	0.357143	2	1.4000	19	1.9000	5.0000	1
[[2,3],[2,2,3],[2,2,3]]	0.357143	2	1.4000	19	1.9000	5.0000	1
[[2,3],[2,2,3],[2,3,2]]	0.357143	2	1.4000	19	1.9000	5.0000	1
[[2,3],[2,2,3],[3,2,2]]	0.357143	2	1.4000	19	1.9000	5.0000	1
[[2,3],[2,3,2],[2,2,3]]	0.357143	2	1.4000	19	1.9000	5.0000	1
[[2,3],[2,3,2],[2,3,2]]	0.357143	2	1.4000	19	1.9000	5.0000	1
[[2,3],[2,3,2],[3,2,2]]	0.357143	2	1.4000	19	1.9000	5.0000	1
[[2,3],[3,2,2],[2,2,3]]	0.357143	2	1.4000	19	1.9000	5.0000	1
[[2,3],[3,2,2],[2,3,2]]	0.357143	2	1.4000	19	1.9000	5.0000	1
[[2,3],[3,2,2],[3,2,2]]	0.357143	2	1.4000	19	1.9000	5.0000	1
[[3,2,2],[2,2,3],[2,3]]	0.357143	2	1.4000	19	1.9000	5.0000	1
[[3,2,2],[2,2,3],[3,2]]	0.357143	2	1.4000	19	1.9000	5.0000	1
[[3,2,2],[2,3,2],[2,3]]	0.357143	2	1.4000	19	1.9000	5.0000	1
[[3,2,2],[2,3,2],[3,2]]	0.357143	2	1.4000	19	1.9000	5.0000	1
[[3,2,2],[2,3],[2,2,3]]	0.357143	2	1.4000	19	1.9000	5.0000	1
[[3,2,2],[2,3],[2,3,2]]	0.357143	2	1.4000	19	1.9000	5.0000	1
[[3,2,2],[2,3],[3,2,2]]	0.357143	2	1.4000	19	1.9000	5.0000	1
[[3,2,2],[3,2,2],[2,3]]	0.357143	2	1.4000	19	1.9000	5.0000	1
[[3,2,2],[3,2,2],[3,2]]	0.357143	2	1.4000	19	1.9000	5.0000	1
[[3,2,2],[3,2],[2,2,3]]	0.357143	2	1.4000	19	1.9000	5.0000	1
[[3,2,2],[3,2],[2,3,2]]	0.357143	2	1.4000	19	1.9000	5.0000	1
[[3,2,2],[3,2],[3,2,2]]	0.357143	2	1.4000	19	1.9000	5.0000	1
[[3,2],[2,2,3],[2,2,3]]	0.357143	2	1.4000	19	1.9000	5.0000	1
[[3,2],[2,2,3],[2,3,2]]	0.357143	2	1.4000	19	1.9000	5.0000	1
[[3,2],[2,2,3],[3,2,2]]	0.357143	2	1.4000	19	1.9000	5.0000	1
[[3,2],[2,3,2],[2,2,3]]	0.357143	2	1.4000	19	1.9000	5.0000	1
[[3,2],[2,3,2],[2,3,2]]	0.357143	2	1.4000	19	1.9000	5.0000	1
[[3,2],[2,3,2],[3,2,2]]	0.357143	2	1.4000	19	1.9000	5.0000	1
[[3,2],[3,2,2],[2,2,3]]	0.357143	2	1.4000	19	1.9000	5.0000	1
[[3,2],[3,2,2],[2,3,2]]	0.357143	2	1.4000	19	1.9000	5.0000	1
[[3,2],[3,2,2],[3,2,2]]	0.357143	2	1.4000	19	1.9000	5.0000	1
[[2,2],[3,3]]	0.333333	2	1.5000	10	1.0000	5.0000	1
[[3,3],[2,2]]	0.333333	2	1.5000	10	1.0000	5.0000	1
[[2,2],[2,2],[3,3]]	0.333333	2	1.5000	14	1.4000	5.0000	1
[[2,2],[3,3],[2,2]]	0.333333	2	1.5000	14	1.4000	5.0000	1
[[3,3],[2,2],[2,2]]	0.333333	2	1.5000	14	1.4000	5.0000	1
[[2,2,2],[2,2],[2,3]]	0.333333	2	1.5000	15	1.5000	5.0000	1
[[2,2,2],[2,2],[3,2]]	0.333333	2	1.5000	15	1.5000	5.0000	1
[[2,2,2],[2,3],[2,2]]	0.333333	2	1.5000	15	1.5000	5.0000	1
[[2,2,2],[3,2],[2,2]]	0.333333	2	1.5000	15	1.5000	5.0000	1
[[2,2,2],[3,3,3]]	0.333333	2	1.5000	15	1.5000	5.0000	1
[[2,2],[2,2,2],[2,3]]	0.333333	2	1.5000	15	1.5000	5.0000	1
[[2,2],[2,2,2],[3,2]]	0.333333	2	1.5000	15	1.5000	5.0000	1
[[2,2],[2,3],[2,2,2]]	0.333333	2	1.5000	15	1.5000	5.0000	1
[[2,2],[2,3],[3,3]]	0.333333	2	1.5000	15	1.5000	5.0000	1
[[2,2],[3,2],[2,2,2]]	0.333333	2	1.5000	15	1.5000	5.0000	1
[[2,2],[3,2],[3,3]]	0.333333	2	1.5000	15	1.5000	5.0000	1
[[2,2],[3,3],[2,3]]	0.333333	2	1.5000	15	1.5000	5.0000	1
[[2,2],[3,3],[3,2]]	0.333333	2	1.5000	15	1.5000	5.0000	1
[[2,3],[2,2,2],[2,2]]	0.333333	2	1.5000	15	1.5000	5.0000	1
[[2,3],[2,2],[2,2,2]]	0.333333	2	1.5000	15	1.5000	5.0000	1
[[2,3],[2,2],[3,3]]	0.333333	2	1.5000	15	1.5000	5.0000	1
[[2,3],[3,3],[2,2]]	0.333333	2	1.5000	15	1.5000	5.0000	1
[[3,2],[2,2,2],[2,2]]	0.333333	2	1.5000	15	1.5000	5.0000	1
[[3,2],[2,2],[2,2,2]]	0.333333	2	1.5000	15	1.5000	5.0000	1
[[3,2],[2,2],[3,3]]	0.333333	2	1.5000	15	1.5000	5.0000	1
[[3,2],[3,3],[2,2]]	0.333333	2	1.5000	15	1.5000	5.0000	1
[[3,3,3],[2,2,2]]	0.333333	2	1.5000	15	1.5000	5.0000	1
[[3,3],[2,2],[2,3]]	0.333333	2	1.5000	15	1.5000	5.0000	1
[[3,3],[2,2],[3,2]]	0.333333	2	1.5000	15	1.5000	5.0000	1
[[3,3],[2,3],[2,2]]	0.333333	2	1.5000	15	1.5000	5.0000	1
[[3,3],[3,2],[2,2]]	0.333333	2	1.5000	15	1.5000	5.0000	1
[[2,2,2],[2,2],[3,3]]	0.333333	2	1.5000	16	1.6000	5.0000	1
[[2,2,2],[3,3],[2,2]]	0.333333	2	1.5000	16	1.6000	5.0000	1
[[2,2],[2,2,2],[3,3]]	0.333333	2	1.5000	16	1.6000	5.0000	1
[[2,2],[3,3],[2,2,2]]	0.333333	2	1.5000	16	1.6000	5.0000	1
[[2,2],[3,3],[3,3]]	0.333333	2	1.5000	16	1.6000	5.0000	1
[[3,3],[2,2,2],[2,2]]	0.333333	2	1.5000	16	1.6000	5.0000	1
[[3,3],[2,2],[2,2,2]]	0.333333	2	1.5000	16	1.6000	5.0000	1
[[3,3],[2,2],[3,3]]	0.333333	2	1.5000	16	1.6000	5.0000	1
[[3,3],[3,3],[2,2]]	0.333333	2	1.5000	16	1.6000	5.0000	1
[[[2,2],[2,2]],[[2,2],[2,3]]]	0.333333	2	1.5000	17	1.7000	5.0000	2
[[[2,2],[2,2]],[[2,2],[3,2]]]	0.333333	2	1.5000	17	1.7000	5.0000	2
[[[2,2],[2,2]],[[2,3],[2,2]]]	0.333333	2	1.5000	17	1.7000	5.0000	2
[[[2,2],[2,2]],[[3,2],[2,2]]]	0.333333	2	1.5000	17	1.7000	5.0000	2
[[[2,2],[2,3]],[[2,2],[2,2]]]	0.333333	2	1.5000	17	1.7000	5.0000	2
[[[2,2],[3,2]],[[2,2],[2,2]]]	0.333333	2	1.5000	17	1.7000	5.0000	2
[[[2,3],[2,2]],[[2,2],[2,2]]]	0.333333	2	1.5000	17	1.7000	5.0000	2
[[[3,2],[2,2]],[[2,2],[2,2]]]	0.333333	2	1.5000	17	1.7000	5.0000	2
[[[2,2],[2,2]],[[2,3],[2,3]]]	0.333333	2	1.5000	18	1.8000	5.0000	2
[[[2,2],[2,2]],[[3,2],[3,2]]]	0.333333	2	1.5000	18	1.8000	5.0000	2
[[[2,2],[2,3]],[[2,2],[2,3]]]	0.333333	2	1.5000	18	1.8000	5.0000	2
[[[2,2],[2,3]],[[2,3],[2,2]]]	0.333333	2	1.5000	18	1.8000	5.0000	2
[[[2,2],[3,2]],[[2,2],[3,2]]]	0.333333	2	1.5000	18	1.8000	5.0000	2
[[[2,2],[3,2]],[[3,2],[2,2]]]	0.333333	2	1.5000	18	1.8000	5.0000	2
[[[2,3],[2,2]],[[2,2],[2,3]]]	0.333333	2	1.5000	18	1.8000	5.0000	2
[[[2,3],[2,2]],[[2,3],[2,2]]]	0.333333	2	1.5000	18	1.8000	5.0000	2
[[[2,3],[2,3]],[[2,2],[2,2]]]	0.333333	2	1.5000	18	1.8000	5.0000	2
[[[3,2],[2,2]],[[2,2],[3,2]]]	0.333333	2	1.5000	18	1.8000	5.0000	2
[[[3,2],[2,2]],[[3,2],[2,2]]]	0.333333	2	1.5000	18	1.8000	5.0000	2
[[[3,2],[3,2]],[[2,2],[2,2]]]	0.333333	2	1.5000	18	1.8000	5.0000	2
[[[2,2,3],[2,2]],[[2,2],[2,2]]]	0.333333	2	1.5000	19	1.9000	5.0000	2
[[[2,2],[2,2,3]],[[2,2],[2,2]]]	0.333333	2	1.5000	19	1.9000	5.0000	2
[[[2,2],[2,2]],[[2,2,3],[2,2]]]	0.333333	2	1.5000	19	1.9000	5.0000	2
[[[2,2],[2,2]],[[2,2],[2,2,3]]]	0.333333	2	1.5000	19	1.9000	5.0000	2
[[[2,2],[2,2]],[[2,2],[2,3,2]]]	0.333333	2	1.5000	19	1.9000	5.0000	2
[[[2,2],[2,2]],[[2,2],[3,2,2]]]	0.333333	2	1.5000	19	1.9000	5.0000	2
[[[2,2],[2,2]],[[2,3,2],[2,2]]]	0.333333	2	1.5000	19	1.9000	5.0000	2
[[[2,2],[2,2]],[[3,2,2],[2,2]]]	0.333333	2	1.5000	19	1.9000	5.0000	2
[[[2,2],[2,3,2]],[[2,2],[2,2]]]	0.333333	2	1.5000	19	1.9000	5.0000	2
[[[2,2],[2,3]],[[2,3],[2,3]]]	0.333333	2	1.5000	19	1.9000	5.0000	2
[[[2,2],[3,2,2]],[[2,2],[2,2]]]	0.333333	2	1.5000	19	1.9000	5.0000	2
[[[2,2],[3,2]],[[3,2],[3,2]]]	0.333333	2	1.5000	19	1.9000	5.0000	2
[[[2,3,2],[2,2]],[[2,2],[2,2]]]	0.333333	2	1.5000	19	1.9000	5.0000	2
[[[2,3],[2,2]],[[2,3],[2,3]]]	0.333333	2	1.5000	19	1.9000	5.0000	2
[[[2,3],[2,3]],[[2,2],[2,3]]]	0.333333	2	1.5000	19	1.9000	5.0000	2
[[[2,3],[2,3]],[[2,3],[2,2]]]	0.333333	2	1.5000	19	1.9000	5.0000	2
[[[3,2,2],[2,2]],[[2,2],[2,2]]]	0.333333	2	1.5000	19	1.9000	5.0000	2
[[[3,2],[2,2]],[[3,2],[3,2]]]	0.333333	2	1.5000	19	1.9000	5.0000	2
[[[3,2],[3,2]],[[2,2],[3,2]]]	0.333333	2	1.5000	19	1.9000	5.0000	2
[[[3,2],[3,2]],[[3,2],[2,2]]]	0.333333	2	1.5000	19	1.9000	5.0000	2
[[[2,2,2],[2,2,2]],[[2,2],[2,2]]]	0.333333	2	1.5000	20	2.0000	5.0000	2
[[[2,2,2],[2,2]],[[2,2],[3,3]]]	0.333333	3	1.0000	20	2.0000	5.0000	2
[[[2,2,2],[2,2]],[[3,3],[2,2]]]	0.333333	3	1.0000	20	2.0000	5.0000	2
[[[2,2],[2,2,2]],[[2,2],[3,3]]]	0.333333	3	1.0000	20	2.0000	5.0000	2
[[[2,2],[2,2,2]],[[3,3],[2,2]]]	0.333333	3	1.0000	20	2.0000	5.0000	2
[[[2,2],[2,2]],[[2,2,2],[2,2,2]]]	0.333333	2	1.5000	20	2.0000	5.0000	2
[[[2,2],[2,2]],[[2,2],[2,3,3]]]	0.333333	2	1.5000	20	2.0000	5.0000	2
[[[2,2],[2,2]],[[2,2],[3,2,3]]]	0.333333	2	1.5000	20	2.0000	5.0000	2
[[[2,2],[2,2]],[[2,2],[3,3,2]]]	0.333333	2	1.5000	20	2.0000	5.0000	2
[[[2,2],[2,2]],[[2,3,3],[2,2]]]	0.333333	2	1.5000	20	2.0000	5.0000	2
[[[2,2],[2,2]],[[3,2,3],[2,2]]]	0.333333	2	1.5000	20	2.0000	5.0000	2
[[[2,2],[2,2]],[[3,3,2],[2,2]]]	0.333333	2	1.5000	20	2.0000	5.0000	2
[[[2,2],[2,2]],[[3,3],[3,3]]]	0.333333	2	1.5000	20	2.0000	5.0000	2
[[[2,2],[2,3,3]],[[2,2],[2,2]]]	0.333333	2	1.5000	20	2.0000	5.0000	2
[[[2,2],[3,2,3]],[[2,2],[2,2]]]	0.333333	2	1.5000	20	2.0000	5.0000	2
[[[2,2],[3,3,2]],[[2,2],[2,2]]]	0.333333	2	1.5000	20	2.0000	5.0000	2
[[[2,2],[3,3]],[[2,2,2],[2,2]]]	0.333333	3	1.0000	20	2.0000	5.0000	2
[[[2,2],[3,3]],[[2,2],[2,2,2]]]	0.333333	3	1.0000	20	2.0000	5.0000	2
[[[2,3,3],[2,2]],[[2,2],[2,2]]]	0.333333	2	1.5000	20	2.0000	5.0000	2
[[[2,3],[2,3]],[[2,3],[3,2]]]	0.333333	2	1.5000	20	2.0000	5.0000	2
[[[2,3],[2,3]],[[3,2],[2,3]]]	0.333333	2	1.5000	20	2.0000	5.0000	2
[[[2,3],[2,3]],[[3,2],[3,2]]]	0.333333	2	1.5000	20	2.0000	5.0000	2
[[[2,3],[3,2]],[[2,3],[2,3]]]	0.333333	2	1.5000	20	2.0000	5.0000	2
[[[2,3],[3,2]],[[2,3],[3,2]]]	0.333333	2	1.5000	20	2.0000	5.0000	2
[[[2,3],[3,2]],[[3,2],[2,3]]]	0.333333	2	1.5000	20	2.0000	5.0000	2
[[[2,3],[3,2]],[[3,2],[3,2]]]	0.333333	2	1.5000	20	2.0000	5.0000	2
[[[3,2,3],[2,2]],[[2,2],[2,2]]]	0.333333	2	1.5000	20	2.0000	5.0000	2
[[[3,2],[2,3]],[[2,3],[2,3]]]	0.333333	2	1.5000	20	2.0000	5.0000	2
[[[3,2],[2,3]],[[2,3],[3,2]]]	0.333333	2	1.5000	20	2.0000	5.0000	2
[[[3,2],[2,3]],[[3,2],[2,3]]]	0.333333	2	1.5000	20	2.0000	5.0000	2
[[[3,2],[2,3]],[[3,2],[3,2]]]	0.333333	2	1.5000	20	2.0000	5.0000	2
[[[3,2],[3,2]],[[2,3],[2,3]]]	0.333333	2	1.5000	20	2.0000	5.0000	2
[[[3,2],[3,2]],[[2,3],[3,2]]]	0.333333	2	1.5000	20	2.0000	5.0000	2
[[[3,2],[3,2]],[[3,2],[2,3]]]	0.333333	2	1.5000	20	2.0000	5.0000	2
[[[3,3,2],[2,2]],[[2,2],[2,2]]]	0.333333	2	1.5000	20	2.0000	5.0000	2
[[[3,3],[2,2]],[[2,2,2],[2,2]]]	0.333333	3	1.0000	20	2.0000	5.0000	2
[[[3,3],[2,2]],[[2,2],[2,2,2]]]	0.333333	3	1.0000	20	2.0000	5.0000	2
[[[3,3],[3,3]],[[2,2],[2,2]]]	0.333333	2	1.5000	20	2.0000	5.0000	2
[[2,3,3],[2,3]]	0.312500	2	1.6000	13	1.3000	5.0000	1
[[2,3,3],[3,2]]	0.312500	2	1.6000	13	1.3000	5.0000	1
[[2,3],[2,3,3]]	0.312500	2	1.6000	13	1.3000	5.0000	1
[[2,3],[3,2,3]]	0.312500	2	1.6000	13	1.3000	5.0000	1
[[2,3],[3,3,2]]	0.312500	2	1.6000	13	1.3000	5.0000	1
[[3,2,3],[2,3]]	0.312500	2	1.6000	13	1.3000	5.0000	1
[[3,2,3],[3,2]]	0.312500	2	1.6000	13	1.3000	5.0000	1
[[3,2],[2,3,3]]	0.312500	2	1.6000	13	1.3000	5.0000	1
[[3,2],[3,2,3]]	0.312500	2	1.6000	13	1.3000	5.0000	1
[[3,2],[3,3,2]]	0.312500	2	1.6000	13	1.3000	5.0000	1
[[3,3,2],[2,3]]	0.312500	2	1.6000	13	1.3000	5.0000	1
[[3,3,2],[3,2]]	0.312500	2	1.6000	13	1.3000	5.0000	1
[[2,3,3],[2,3],[2,3]]	0.312500	2	1.6000	18	1.8000	5.0000	1
[[2,3,3],[2,3],[3,2]]	0.312500	2	1.6000	18	1.8000	5.0000	1
[[2,3,3],[3,2],[2,3]]	0.312500	2	1.6000	18	1.8000	5.0000	1
[[2,3,3],[3,2],[3,2]]	0.312500	2	1.6000	18	1.8000	5.0000	1
[[2,3],[2,3,3],[2,3]]	0.312500	2	1.6000	18	1.8000	5.0000	1
[[2,3],[2,3,3],[3,2]]	0.312500	2	1.6000	18	1.8000	5.0000	1
[[2,3],[2,3],[2,3,3]]	0.312500	2	1.6000	18	1.8000	5.0000	1
[[2,3],[2,3],[3,2,3]]	0.312500	2	1.6000	18	1.8000	5.0000	1
[[2,3],[2,3],[3,3,2]]	0.312500	2	1.6000	18	1.8000	5.0000	1
[[2,3],[3,2,3],[2,3]]	0.312500	2	1.6000	18	1.8000	5.0000	1
[[2,3],[3,2,3],[3,2]]	0.312500	2	1.6000	18	1.8000	5.0000	1
[[2,3],[3,2],[2,3,3]]	0.312500	2	1.6000	18	1.8000	5.0000	1
[[2,3],[3,2],[3,2,3]]	0.312500	2	1.6000	18	1.8000	5.0000	1
[[2,3],[3,2],[3,3,2]]	0.312500	2	1.6000	18	1.8000	5.0000	1
[[2,3],[3,3,2],[2,3]]	0.312500	2	1.6000	18	1.8000	5.0000	1
[[2,3],[3,3,2],[3,2]]	0.312500	2	1.6000	18	1.8000	5.0000	1
[[3,2,3],[2,3],[2,3]]	0.312500	2	1.6000	18	1.8000	5.0000	1
[[3,2,3],[2,3],[3,2]]	0.312500	2	1.6000	18	1.8000	5.0000	1
[[3,2,3],[3,2],[2,3]]	0.312500	2	1.6000	18	1.8000	5.0000	1
[[3,2,3],[3,2],[3,2]]	0.312500	2	1.6000	18	1.8000	5.0000	1
[[3,2],[2,3,3],[2,3]]	0.312500	2	1.6000	18	1.8000	5.0000	1
[[3,2],[2,3,3],[3,2]]	0.312500	2	1.6000	18	1.8000	5.0000	1
[[3,2],[2,3],[2,3,3]]	0.312500	2	1.6000	18	1.8000	5.0000	1
[[3,2],[2,3],[3,2,3]]	0.312500	2	1.6000	18	1.8000	5.0000	1
[[3,2],[2,3],[3,3,2]]	0.312500	2	1.6000	18	1.8000	5.0000	1
[[3,2],[3,2,3],[2,3]]	0.312500	2	1.6000	18	1.8000	5.0000	1
[[3,2],[3,2,3],[3,2]]	0.312500	2	1.6000	18	1.8000	5.0000	1
[[3,2],[3,2],[2,3,3]]	0.312500	2	1.6000	18	1.8000	5.0000	1
[[3,2],[3,2],[3,2,3]]	0.312500	2	1.6000	18	1.8000	5.0000	1
[[3,2],[3,2],[3,3,2]]	0.312500	2	1.6000	18	1.8000	5.0000	1
[[3,2],[3,3,2],[2,3]]	0.312500	2	1.6000	18	1.8000	5.0000	1
[[3,2],[3,3,2],[3,2]]	0.312500	2	1.6000	18	1.8000	5.0000	1
[[3,3,2],[2,3],[2,3]]	0.312500	2	1.6000	18	1.8000	5.0000	1
[[3,3,2],[2,3],[3,2]]	0.312500	2	1.6000	18	1.8000	5.0000	1
[[3,3,2],[3,2],[2,3]]	0.312500	2	1.6000	18	1.8000	5.0000	1
[[3,3,2],[3,2],[3,2]]	0.312500	2	1.6000	18	1.8000	5.0000	1
[[2,2,2],[2,3,3],[2,3]]	0.312500	2	1.6000	19	1.9000	5.0000	1
[[2,2,2],[2,3,3],[3,2]]	0.312500	2	1.6000	19	1.9000	5.0000	1
[[2,2,2],[2,3],[2,3,3]]	0.312500	2	1.6000	19	1.9000	5.0000	1
[[2,2,2],[2,3],[3,2,3]]	0.312500	2	1.6000	19	1.9000	5.0000	1
[[2,2,2],[2,3],[3,3,2]]	0.312500	2	1.6000	19	1.9000	5.0000	1
[[2,2,2],[3,2,3],[2,3]]	0.312500	2	1.6000	19	1.9000	5.0000	1
[[2,2,2],[3,2,3],[3,2]]	0.312500	2	1.6000	19	1.9000	5.0000	1
[[2,2,2],[3,2],[2,3,3]]	0.312500	2	1.6000	19	1.9000	5.0000	1
[[2,2,2],[3,2],[3,2,3]]	0.312500	2	1.6000	19	1.9000	5.0000	1
[[2,2,2],[3,2],[3,3,2]]	0.312500	2	1.6000	19	1.9000	5.0000	1
[[2,2,2],[3,3,2],[2,3]]	0.312500	2	1.6000	19	1.9000	5.0000	1
[[2,2,2],[3,3,2],[3,2]]	0.312500	2	1.6000	19	1.9000	5.0000	1
[[2,3,3],[2,2,2],[2,3]]	0.312500	2	1.6000	19	1.9000	5.0000	1
[[2,3,3],[2,2,2],[3,2]]	0.312500	2	1.6000	19	1.9000	5.0000	1
[[2,3,3],[2,3],[2,2,2]]	0.312500	2	1.6000	19	1.9000	5.0000	1
[[2,3,3],[2,3],[3,3]]	0.312500	2	1.6000	19	1.9000	5.0000	1
[[2,3,3],[3,2],[2,2,2]]	0.312500	2	1.6000	19	1.9000	5.0000	1
[[2,3,3],[3,2],[3,3]]	0.312500	2	1.6000	19	1.9000	5.0000	1
[[2,3,3],[3,3],[2,3]]	0.312500	2	1.6000	19	1.9000	5.0000	1
[[2,3,3],[3,3],[3,2]]	0.312500	2	1.6000	19	1.9000	5.0000	1
[[2,3],[2,2,2],[2,3,3]]	0.312500	2	1.6000	19	1.9000	5.0000	1
[[2,3],[2,2,2],[3,2,3]]	0.312500	2	1.6000	19	1.9000	5.0000	1
[[2,3],[2,2,2],[3,3,2]]	0.312500	2	1.6000	19	1.9000	5.0000	1
[[2,3],[2,3,3],[2,2,2]]	0.312500	2	1.6000	19	1.9000	5.0000	1
[[2,3],[2,3,3],[3,3]]	0.312500	2	1.6000	19	1.9000	5.0000	1
[[2,3],[3,2,3],[2,2,2]]	0.312500	2	1.6000	19	1.9000	5.0000	1
[[2,3],[3,2,3],[3,3]]	0.312500	2	1.6000	19	1.9000	5.0000	1
[[2,3],[3,3,2],[2,2,2]]	0.312500	2	1.6000	19	1.9000	5.0000	1
[[2,3],[3,3,2],[3,3]]	0.312500	2	1.6000	19	1.9000	5.0000	1
[[2,3],[3,3],[2,3,3]]	0.312500	2	1.6000	19	1.9000	5.0000	1
[[2,3],[3,3],[3,2,3]]	0.312500	2	1.6000	19	1.9000	5.0000	1
[[2,3],[3,3],[3,3,2]]	0.312500	2	1.6000	19	1.9000	5.0000	1
[[3,2,3],[2,2,2],[2,3]]	0.312500	2	1.6000	19	1.9000	5.0000	1
[[3,2,3],[2,2,2],[3,2]]	0.312500	2	1.6000	19	1.9000	5.0000	1
[[3,2,3],[2,3],[2,2,2]]	0.312500	2	1.6000	19	1.9000	5.0000	1
[[3,2,3],[2,3],[3,3]]	0.312500	2	1.6000	19	1.9000	5.0000	1
[[3,2,3],[3,2],[2,2,2]]	0.312500	2	1.6000	19	1.9000	5.0000	1
[[3,2,3],[3,2],[3,3]]	0.312500	2	1.6000	19	1.9000	5.0000	1
[[3,2,3],[3,3],[2,3]]	0.312500	2	1.6000	19	1.9000	5.0000	1
[[3,2,3],[3,3],[3,2]]	0.312500	2	1.6000	19	1.9000	5.0000	1
[[3,2],[2,2,2],[2,3,3]]	0.312500	2	1.6000	19	1.9000	5.0000	1
[[3,2],[2,2,2],[3,2,3]]	0.312500	2	1.6000	19	1.9000	5.0000	1
[[3,2],[2,2,2],[3,3,2]]	0.312500	2	1.6000	19	1.9000	5.0000	1
[[3,2],[2,3,3],[2,2,2]]	0.312500	2	1.6000	19	1.9000	5.0000	1
[[3,2],[2,3,3],[3,3]]	0.312500	2	1.6000	19	1.9000	5.0000	1
[[3,2],[3,2,3],[2,2,2]]	0.312500	2	1.6000	19	1.9000	5.0000	1
[[3,2],[3,2,3],[3,3]]	0.312500	2	1.6000	19	1.9000	5.0000	1
[[3,2],[3,3,2],[2,2,2]]	0.312500	2	1.6000	19	1.9000	5.0000	1
[[3,2],[3,3,2],[3,3]]	0.312500	2	1.6000	19	1.9000	5.0000	1
[[3,2],[3,3],[2,3,3]]	0.312500	2	1.6000	19	1.9000	5.0000	1
[[3,2],[3,3],[3,2,3]]	0.312500	2	1.6000	19	1.9000	5.0000	1
[[3,2],[3,3],[3,3,2]]	0.312500	2	1.6000	19	1.9000	5.0000	1
[[3,3,2],[2,2,2],[2,3]]	0.312500	2	1.6000	19	1.9000	5.0000	1
[[3,3,2],[2,2,2],[3,2]]	0.312500	2	1.6000	19	1.9000	5.0000	1
[[3,3,2],[2,3],[2,2,2]]	0.312500	2	1.6000	19	1.9000	5.0000	1
[[3,3,2],[2,3],[3,3]]	0.312500	2	1.6000	19	1.9000	5.0000	1
[[3,3,2],[3,2],[2,2,2]]	0.312500	2	1.6000	19	1.9000	5.0000	1
[[3,3,2],[3,2],[3,3]]	0.312500	2	1.6000	19	1.9000	5.0000	1
[[3,3,2],[3,3],[2,3]]	0.312500	2	1.6000	19	1.9000	5.0000	1
[[3,3,2],[3,3],[3,2]]	0.312500	2	1.6000	19	1.9000	5.0000	1
[[3,3],[2,3,3],[2,3]]	0.312500	2	1.6000	19	1.9000	5.0000	1
[[3,3],[2,3,3],[3,2]]	0.312500	2	1.6000	19	1.9000	5.0000	1
[[3,3],[2,3],[2,3,3]]	0.312500	2	1.6000	19	1.9000	5.0000	1
[[3,3],[2,3],[3,2,3]]	0.312500	2	1.6000	19	1.9000	5.0000	1
[[3,3],[2,3],[3,3,2]]	0.312500	2	1.6000	19	1.9000	5.0000	1
[[3,3],[3,2,3],[2,3]]	0.312500	2	1.6000	19	1.9000	5.0000	1
[[3,3],[3,2,3],[3,2]]	0.312500	2	1.6000	19	1.9000	5.0000	1
[[3,3],[3,2],[2,3,3]]	0.312500	2	1.6000	19	1.9000	5.0000	1
[[3,3],[3,2],[3,2,3]]	0.312500	2	1.6000	19	1.9000	5.0000	1
[[3,3],[3,2],[3,3,2]]	0.312500	2	1.6000	19	1.9000	5.0000	1
[[3,3],[3,3,2],[2,3]]	0.312500	2	1.6000	19	1.9000	5.0000	1
[[3,3],[3,3,2],[3,2]]	0.312500	2	1.6000	19	1.9000	5.0000	1
[[2,2,3],[2,3,3],[2,3]]	0.312500	2	1.6000	20	2.0000	5.0000	1
[[2,2,3],[2,3,3],[3,2]]	0.312500	2	1.6000	20	2.0000	5.0000	1
[[2,2,3],[2,3],[2,3,3]]	0.312500	2	1.6000	20	2.0000	5.0000	1
[[2,2,3],[2,3],[3,2,3]]	0.312500	2	1.6000	20	2.0000	5.0000	1
[[2,2,3],[2,3],[3,3,2]]	0.312500	2	1.6000	20	2.0000	5.0000	1
[[2,2,3],[3,2,3],[2,3]]	0.312500	2	1.6000	20	2.0000	5.0000	1
[[2,2,3],[3,2,3],[3,2]]	0.312500	2	1.6000	20	2.0000	5.0000	1
[[2,2,3],[3,2],[2,3,3]]	0.312500	2	1.6000	20	2.0000	5.0000	1
[[2,2,3],[3,2],[3,2,3]]	0.312500	2	1.6000	20	2.0000	5.0000	1
[[2,2,3],[3,2],[3,3,2]]	0.312500	2	1.6000	20	2.0000	5.0000	1
[[2,2,3],[3,3,2],[2,3]]	0.312500	2	1.6000	20	2.0000	5.0000	1
[[2,2,3],[3,3,2],[3,2]]	0.312500	2	1.6000	20	2.0000	5.0000	1
[[2,3,2],[2,3,3],[2,3]]	0.312500	2	1.6000	20	2.0000	5.0000	1
[[2,3,2],[2,3,3],[3,2]]	0.312500	2	1.6000	20	2.0000	5.0000	1
[[2,3,2],[2,3],[2,3,3]]	0.312500	2	1.6000	20	2.0000	5.0000	1
[[2,3,2],[2,3],[3,2,3]]	0.312500	2	1.6000	20	2.0000	5.0000	1
[[2,3,2],[2,3],[3,3,2]]	0.312500	2	1.6000	20	2.0000	5.0000	1
[[2,3,2],[3,2,3],[2,3]]	0.312500	2	1.6000	20	2.0000	5.0000	1
[[2,3,2],[3,2,3],[3,2]]	0.312500	2	1.6000	20	2.0000	5.0000	1
[[2,3,2],[3,2],[2,3,3]]	0.312500	2	1.6000	20	2.0000	5.0000	1
[[2,3,2],[3,2],[3,2,3]]	0.312500	2	1.6000	20	2.0000	5.0000	1
[[2,3,2],[3,2],[3,3,2]]	0.312500	2	1.6000	20	2.0000	5.0000	1
[[2,3,2],[3,3,2],[2,3]]	0.312500	2	1.6000	20	2.0000	5.0000	1
[[2,3,2],[3,3,2],[3,2]]	0.312500	2	1.6000	20	2.0000	5.0000	1
[[2,3,3],[2,2,3],[2,3]]	0.312500	2	1.6000	20	2.0000	5.0000	1
[[2,3,3],[2,2,3],[3,2]]	0.312500	2	1.6000	20	2.0000	5.0000	1
[[2,3,3],[2,3,2],[2,3]]	0.312500	2	1.6000	20	2.0000	5.0000	1
[[2,3,3],[2,3,2],[3,2]]	0.312500	2	1.6000	20	2.0000	5.0000	1
[[2,3,3],[2,3],[2,2,3]]	0.312500	2	1.6000	20	2.0000	5.0000	1
[[2,3,3],[2,3],[2,3,2]]	0.312500	2	1.6000	20	2.0000	5.0000	1
[[2,3,3],[2,3],[3,2,2]]	0.312500	2	1.6000	20	2.0000	5.0000	1
[[2,3,3],[3,2,2],[2,3]]	0.312500	2	1.6000	20	2.0000	5.0000	1
[[2,3,3],[3,2,2],[3,2]]	0.312500	2	1.6000	20	2.0000	5.0000	1
[[2,3,3],[3,2],[2,2,3]]	0.312500	2	1.6000	20	2.0000	5.0000	1
[[2,3,3],[3,2],[2,3,2]]	0.312500	2	1.6000	20	2.0000	5.0000	1
[[2,3,3],[3,2],[3,2,2]]	0.312500	2	1.6000	20	2.0000	5.0000	1
[[2,3],[2,2,3],[2,3,3]]	0.312500	2	1.6000	20	2.0000	5.0000	1
[[2,3],[2,2,3],[3,2,3]]	0.312500	2	1.6000	20	2.0000	5.0000	1
[[2,3],[2,2,3],[3,3,2]]	0.312500	2	1.6000	20	2.0000	5.0000	1
[[2,3],[2,3,2],[2,3,3]]	0.312500	2	1.6000	20	2.0000	5.0000	1
[[2,3],[2,3,2],[3,2,3]]	0.312500	2	1.6000	20	2.0000	5.0000	1
[[2,3],[2,3,2],[3,3,2]]	0.312500	2	1.6000	20	2.0000	5.0000	1
[[2,3],[2,3,3],[2,2,3]]	0.312500	2	1.6000	20	2.0000	5.0000	1
[[2,3],[2,3,3],[2,3,2]]	0.312500	2	1.6000	20	2.0000	5.0000	1
[[2,3],[2,3,3],[3,2,2]]	0.312500	2	1.6000	20	2.0000	5.0000	1
[[2,3],[3,2,2],[2,3,3]]	0.312500	2	1.6000	20	2.0000	5.0000	1
[[2,3],[3,2,2],[3,2,3]]	0.312500	2	1.6000	20	2.0000	5.0000	1
[[2,3],[3,2,2],[3,3,2]]	0.312500	2	1.6000	20	2.0000	5.0000	1
[[2,3],[3,2,3],[2,2,3]]	0.312500	2	1.6000	20	2.0000	5.0000	1
[[2,3],[3,2,3],[2,3,2]]	0.312500	2	1.6000	20	2.0000	5.0000	1
[[2,3],[3,2,3],[3,2,2]]	0.312500	2	1.6000	20	2.0000	5.0000	1
[[2,3],[3,3,2],[2,2,3]]	0.312500	2	1.6000	20	2.0000	5.0000	1
[[2,3],[3,3,2],[2,3,2]]	0.312500	2	1.6000	20	2.0000	5.0000	1
[[2,3],[3,3,2],[3,2,2]]	0.312500	2	1.6000	20	2.0000	5.0000	1
[[3,2,2],[2,3,3],[2,3]]	0.312500	2	1.6000	20	2.0000	5.0000	1
[[3,2,2],[2,3,3],[3,2]]	0.312500	2	1.6000	20	2.0000	5.0000	1
[[3,2,2],[2,3],[2,3,3]]	0.312500	2	1.6000	20	2.0000	5.0000	1
[[3,2,2],[2,3],[3,2,3]]	0.312500	2	1.6000	20	2.0000	5.0000	1
[[3,2,2],[2,3],[3,3,2]]	0.312500	2	1.6000	20	2.0000	5.0000	1
[[3,2,2],[3,2,3],[2,3]]	0.312500	2	1.6000	20	2.0000	5.0000	1
[[3,2,2],[3,2,3],[3,2]]	0.312500	2	1.6000	20	2.0000	5.0000	1
[[3,2,2],[3,2],[2,3,3]]	0.312500	2	1.6000	20	2.0000	5.0000	1
[[3,2,2],[3,2],[3,2,3]]	0.312500	2	1.6000	20	2.0000	5.0000	1
[[3,2,2],[3,2],[3,3,2]]	0.312500	2	1.6000	20	2.0000	5.0000	1
[[3,2,2],[3,3,2],[2,3]]	0.312500	2	1.6000	20	2.0000	5.0000	1
[[3,2,2],[3,3,2],[3,2]]	0.312500	2	1.6000	20	2.0000	5.0000	1
[[3,2,3],[2,2,3],[2,3]]	0.312500	2	1.6000	20	2.0000	5.0000	1
[[3,2,3],[2,2,3],[3,2]]	0.312500	2	1.6000	20	2.0000	5.0000	1
[[3,2,3],[2,3,2],[2,3]]	0.312500	2	1.6000	20	2.0000	5.0000	1
[[3,2,3],[2,3,2],[3,2]]	0.312500	2	1.6000	20	2.0000	5.0000	1
[[3,2,3],[2,3],[2,2,3]]	0.312500	2	1.6000	20	2.0000	5.0000	1
[[3,2,3],[2,3],[2,3,2]]	0.312500	2	1.6000	20	2.0000	5.0000	1
[[3,2,3],[2,3],[3,2,2]]	0.312500	2	1.6000	20	2.0000	5.0000	1
[[3,2,3],[3,2,2],[2,3]]	0.312500	2	1.6000	20	2.0000	5.0000	1
[[3,2,3],[3,2,2],[3,2]]	0.312500	2	1.6000	20	2.0000	5.0000	1
[[3,2,3],[3,2],[2,2,3]]	0.312500	2	1.6000	20	2.0000	5.0000	1
[[3,2,3],[3,2],[2,3,2]]	0.312500	2	1.6000	20	2.0000	5.0000	1
[[3,2,3],[3,2],[3,2,2]]	0.312500	2	1.6000	20	2.0000	5.0000	1
[[3,2],[2,2,3],[2,3,3]]	0.312500	2	1.6000	20	2.0000	5.0000	1
[[3,2],[2,2,3],[3,2,3]]	0.312500	2	1.6000	20	2.0000	5.0000	1
[[3,2],[2,2,3],[3,3,2]]	0.312500	2	1.6000	20	2.0000	5.0000	1
[[3,2],[2,3,2],[2,3,3]]	0.312500	2	1.6000	20	2.0000	5.0000	1
[[3,2],[2,3,2],[3,2,3]]	0.312500	2	1.6000	20	2.0000	5.0000	1
[[3,2],[2,3,2],[3,3,2]]	0.312500	2	1.6000	20	2.0000	5.0000	1
[[3,2],[2,3,3],[2,2,3]]	0.312500	2	1.6000	20	2.0000	5.0000	1
[[3,2],[2,3,3],[2,3,2]]	0.312500	2	1.6000	20	2.0000	5.0000	1
[[3,2],[2,3,3],[3,2,2]]	0.312500	2	1.6000	20	2.0000	5.0000	1
[[3,2],[3,2,2],[2,3,3]]	0.312500	2	1.6000	20	2.0000	5.0000	1
[[3,2],[3,2,2],[3,2,3]]	0.312500	2	1.6000	20	2.0000	5.0000	1
[[3,2],[3,2,2],[3,3,2]]	0.312500	2	1.6000	20	2.0000	5.0000	1
[[3,2],[3,2,3],[2,2,3]]	0.312500	2	1.6000	20	2.0000	5.0000	1
[[3,2],[3,2,3],[2,3,2]]	0.312500	2	1.6000	20	2.0000	5.0000	1
[[3,2],[3,2,3],[3,2,2]]	0.312500	2	1.6000	20	2.0000	5.0000	1
[[3,2],[3,3,2],[2,2,3]]	0.312500	2	1.6000	20	2.0000	5.0000	1
[[3,2],[3,3,2],[2,3,2]]	0.312500	2	1.6000	20	2.0000	5.0000	1
[[3,2],[3,3,2],[3,2,2]]	0.312500	2	1.6000	20	2.0000	5.0000	1
[[3,3,2],[2,2,3],[2,3]]	0.312500	2	1.6000	20	2.0000	5.0000	1
[[3,3,2],[2,2,3],[3,2]]	0.312500	2	1.6000	20	2.0000	5.0000	1
[[3,3,2],[2,3,2],[2,3]]	0.312500	2	1.6000	20	2.0000	5.0000	1
[[3,3,2],[2,3,2],[3,2]]	0.312500	2	1.6000	20	2.0000	5.0000	1
[[3,3,2],[2,3],[2,2,3]]	0.312500	2	1.6000	20	2.0000	5.0000	1
[[3,3,2],[2,3],[2,3,2]]	0.312500	2	1.6000	20	2.0000	5.0000	1
[[3,3,2],[2,3],[3,2,2]]	0.312500	2	1.6000	20	2.0000	5.0000	1
[[3,3,2],[3,2,2],[2,3]]	0.312500	2	1.6000	20	2.0000	5.0000	1
[[3,3,2],[3,2,2],[3,2]]	0.312500	2	1.6000	20	2.0000	5.0000	1
[[3,3,2],[3,2],[2,2,3]]	0.312500	2	1.6000	20	2.0000	5.0000	1
[[3,3,2],[3,2],[2,3,2]]	0.312500	2	1.6000	20	2.0000	5.0000	1
[[3,3,2],[3,2],[3,2,2]]	0.312500	2	1.6000	20	2.0000	5.0000	1
[[2,2,3],[2,2]]	0.285714	2	1.7500	11	1.1000	5.0000	1
[[2,2],[2,2,3]]	0.285714	2	1.7500	11	1.1000	5.0000	1
[[2,2],[2,3,2]]	0.285714	2	1.7500	11	1.1000	5.0000	1
[[2,2],[3,2,2]]	0.285714	2	1.7500	11	1.1000	5.0000	1
[[2,3,2],[2,2]]	0.285714	2	1.7500	11	1.1000	5.0000	1
[[3,2,2],[2,2]]	0.285714	2	1.7500	11	1.1000	5.0000	1
[[2,2,3],[2,2],[2,2]]	0.285714	2	1.7500	15	1.5000	5.0000	1
[[2,2],[2,2,3],[2,2]]	0.285714	2	1.7500	15	1.5000	5.0000	1
[[2,2],[2,2],[2,2,3]]	0.285714	2	1.7500	15	1.5000	5.0000	1
[[2,2],[2,2],[2,3,2]]	0.285714	2	1.7500	15	1.5000	5.0000	1
[[2,2],[2,2],[3,2,2]]	0.285714	2	1.7500	15	1.5000	5.0000	1
[[2,2],[2,3,2],[2,2]]	0.285714	2	1.7500	15	1.5000	5.0000	1
[[2,2],[3,2,2],[2,2]]	0.285714	2	1.7500	15	1.5000	5.0000	1
[[2,3,2],[2,2],[2,2]]	0.285714	2	1.7500	15	1.5000	5.0000	1
[[3,2,2],[2,2],[2,2]]	0.285714	2	1.7500	15	1.5000	5.0000	1
[[2,2,3],[2,2],[2,3]]	0.285714	2	1.7500	16	1.6000	5.0000	1
[[2,2,3],[2,2],[3,2]]	0.285714	2	1.7500	16	1.6000	5.0000	1
[[2,2,3],[2,3],[2,2]]	0.285714	2	1.7500	16	1.6000	5.0000	1
[[2,2,3],[3,2],[2,2]]	0.285714	2	1.7500	16	1.6000	5.0000	1
[[2,2],[2,2,3],[2,3]]	0.285714	2	1.7500	16	1.6000	5.0000	1
[[2,2],[2,2,3],[3,2]]	0.285714	2	1.7500	16	1.6000	5.0000	1
[[2,2],[2,3,2],[2,3]]	0.285714	2	1.7500	16	1.6000	5.0000	1
[[2,2],[2,3,2],[3,2]]	0.285714	2	1.7500	16	1.6000	5.0000	1
[[2,2],[2,3],[2,2,3]]	0.285714	2	1.7500	16	1.6000	5.0000	1
[[2,2],[2,3],[2,3,2]]	0.285714	2	1.7500	16	1.6000	5.0000	1
[[2,2],[2,3],[3,2,2]]	0.285714	2	1.7500	16	1.6000	5.0000	1
[[2,2],[3,2,2],[2,3]]	0.285714	2	1.7500	16	1.6000	5.0000	1
[[2,2],[3,2,2],[3,2]]	0.285714	2	1.7500	16	1.6000	5.0000	1
[[2,2],[3,2],[2,2,3]]	0.285714	2	1.7500	16	1.6000	5.0000	1
[[2,2],[3,2],[2,3,2]]	0.285714	2	1.7500	16	1.6000	5.0000	1
[[2,2],[3,2],[3,2,2]]	0.285714	2	1.7500	16	1.6000	5.0000	1
[[2,3,2],[2,2],[2,3]]	0.285714	2	1.7500	16	1.6000	5.0000	1
[[2,3,2],[2,2],[3,2]]	0.285714	2	1.7500	16	1.6000	5.0000	1
[[2,3,2],[2,3],[2,2]]	0.285714	2	1.7500	16	1.6000	5.0000	1
[[2,3,2],[3,2],[2,2]]	0.285714	2	1.7500	16	1.6000	5.0000	1
[[2,3],[2,2,3],[2,2]]	0.285714	2	1.7500	16	1.6000	5.0000	1
[[2,3],[2,2],[2,2,3]]	0.285714	2	1.7500	16	1.6000	5.0000	1
[[2,3],[2,2],[2,3,2]]	0.285714	2	1.7500	16	1.6000	5.0000	1
[[2,3],[2,2],[3,2,2]]	0.285714	2	1.7500	16	1.6000	5.0000	1
[[2,3],[2,3,2],[2,2]]	0.285714	2	1.7500	16	1.6000	5.0000	1
[[2,3],[3,2,2],[2,2]]	0.285714	2	1.7500	16	1.6000	5.0000	1
[[3,2,2],[2,2],[2,3]]	0.285714	2	1.7500	16	1.6000	5.0000	1
[[3,2,2],[2,2],[3,2]]	0.285714	2	1.7500	16	1.6000	5.0000	1
[[3,2,2],[2,3],[2,2]]	0.285714	2	1.7500	16	1.6000	5.0000	1
[[3,2,2],[3,2],[2,2]]	0.285714	2	1.7500	16	1.6000	5.0000	1
[[3,2],[2,2,3],[2,2]]	0.285714	2	1.7500	16	1.6000	5.0000	1
[[3,2],[2,2],[2,2,3]]	0.285714	2	1.7500	16	1.6000	5.0000	1
[[3,2],[2,2],[2,3,2]]	0.285714	2	1.7500	16	1.6000	5.0000	1
[[3,2],[2,2],[3,2,2]]	0.285714	2	1.7500	16	1.6000	5.0000	1
[[3,2],[2,3,2],[2,2]]	0.285714	2	1.7500	16	1.6000	5.0000	1
[[3,2],[3,2,2],[2,2]]	0.285714	2	1.7500	16	1.6000	5.0000	1
[[2,2,2],[2,2,3],[2,2]]	0.285714	2	1.7500	17	1.7000	5.0000	1
[[2,2,2],[2,2],[2,2,3]]	0.285714	2	1.7500	17	1.7000	5.0000	1
[[2,2,2],[2,2],[2,3,2]]	0.285714	2	1.7500	17	1.7000	5.0000	1
[[2,2,2],[2,2],[3,2,2]]	0.285714	2	1.7500	17	1.7000	5.0000	1
[[2,2,2],[2,3,2],[2,2]]	0.285714	2	1.7500	17	1.7000	5.0000	1
[[2,2,2],[3,2,2],[2,2]]	0.285714	2	1.7500	17	1.7000	5.0000	1
[[2,2,3],[2,2,2],[2,2]]	0.285714	2	1.7500	17	1.7000	5.0000	1
[[2,2,3],[2,2],[2,2,2]]	0.285714	2	1.7500	17	1.7000	5.0000	1
[[2,2,3],[2,2],[3,3]]	0.285714	2	1.7500	17	1.7000	5.0000	1
[[2,2,3],[3,3],[2,2]]	0.285714	2	1.7500	17	1.7000	5.0000	1
[[2,2],[2,2,2],[2,2,3]]	0.285714	2	1.7500	17	1.7000	5.0000	1
[[2,2],[2,2,2],[2,3,2]]	0.285714	2	1.7500	17	1.7000	5.0000	1
[[2,2],[2,2,2],[3,2,2]]	0.285714	2	1.7500	17	1.7000	5.0000	1
[[2,2],[2,2,3],[2,2,2]]	0.285714	2	1.7500	17	1.7000	5.0000	1
[[2,2],[2,2,3],[3,3]]	0.285714	2	1.7500	17	1.7000	5.0000	1
[[2,2],[2,3,2],[2,2,2]]	0.285714	2	1.7500	17	1.7000	5.0000	1
[[2,2],[2,3,2],[3,3]]	0.285714	2	1.7500	17	1.7000	5.0000	1
[[2,2],[3,2,2],[2,2,2]]	0.285714	2	1.7500	17	1.7000	5.0000	1
[[2,2],[3,2,2],[3,3]]	0.285714	2	1.7500	17	1.7000	5.0000	1
[[2,2],[3,3],[2,2,3]]	0.285714	2	1.7500	17	1.7000	5.0000	1
[[2,2],[3,3],[2,3,2]]	0.285714	2	1.7500	17	1.7000	5.0000	1
[[2,2],[3,3],[3,2,2]]	0.285714	2	1.7500	17	1.7000	5.0000	1
[[2,3,2],[2,2,2],[2,2]]	0.285714	2	1.7500	17	1.7000	5.0000	1
[[2,3,2],[2,2],[2,2,2]]	0.285714	2	1.7500	17	1.7000	5.0000	1
[[2,3,2],[2,2],[3,3]]	0.285714	2	1.7500	17	1.7000	5.0000	1
[[2,3,2],[3,3],[2,2]]	0.285714	2	1.7500	17	1.7000	5.0000	1
[[3,2,2],[2,2,2],[2,2]]	0.285714	2	1.7500	17	1.7000	5.0000	1
[[3,2,2],[2,2],[2,2,2]]	0.285714	2	1.7500	17	1.7000	5.0000	1
[[3,2,2],[2,2],[3,3]]	0.285714	2	1.7500	17	1.7000	5.0000	1
[[3,2,2],[3,3],[2,2]]	0.285714	2	1.7500	17	1.7000	5.0000	1
[[3,3],[2,2,3],[2,2]]	0.285714	2	1.7500	17	1.7000	5.0000	1
[[3,3],[2,2],[2,2,3]]	0.285714	2	1.7500	17	1.7000	5.0000	1
[[3,3],[2,2],[2,3,2]]	0.285714	2	1.7500	17	1.7000	5.0000	1
[[3,3],[2,2],[3,2,2]]	0.285714	2	1.7500	17	1.7000	5.0000	1
[[3,3],[2,3,2],[2,2]]	0.285714	2	1.7500	17	1.7000	5.0000	1
[[3,3],[3,2,2],[2,2]]	0.285714	2	1.7500	17	1.7000	5.0000	1
[[2,2,3],[2,2,3],[2,2]]	0.285714	2	1.7500	18	1.8000	5.0000	1
[[2,2,3],[2,2],[2,2,3]]	0.285714	2	1.7500	18	1.8000	5.0000	1
[[2,2,3],[2,2],[2,3,2]]	0.285714	2	1.7500	18	1.8000	5.0000	1
[[2,2,3],[2,2],[3,2,2]]	0.285714	2	1.7500	18	1.8000	5.0000	1
[[2,2,3],[2,3,2],[2,2]]	0.285714	2	1.7500	18	1.8000	5.0000	1
[[2,2,3],[3,2,2],[2,2]]	0.285714	2	1.7500	18	1.8000	5.0000	1
[[2,2],[2,2,3],[2,2,3]]	0.285714	2	1.7500	18	1.8000	5.0000	1
[[2,2],[2,2,3],[2,3,2]]	0.285714	2	1.7500	18	1.8000	5.0000	1
[[2,2],[2,2,3],[3,2,2]]	0.285714	2	1.7500	18	1.8000	5.0000	1
[[2,2],[2,3,2],[2,2,3]]	0.285714	2	1.7500	18	1.8000	5.0000	1
[[2,2],[2,3,2],[2,3,2]]	0.285714	2	1.7500	18	1.8000	5.0000	1
[[2,2],[2,3,2],[3,2,2]]	0.285714	2	1.7500	18	1.8000	5.0000	1
[[2,2],[3,2,2],[2,2,3]]	0.285714	2	1.7500	18	1.8000	5.0000	1
[[2,2],[3,2,2],[2,3,2]]	0.285714	2	1.7500	18	1.8000	5.0000	1
[[2,2],[3,2,2],[3,2,2]]	0.285714	2	1.7500	18	1.8000	5.0000	1
[[2,3,2],[2,2,3],[2,2]]	0.285714	2	1.7500	18	1.8000	5.0000	1
[[2,3,2],[2,2],[2,2,3]]	0.285714	2	1.7500	18	1.8000	5.0000	1
[[2,3,2],[2,2],[2,3,2]]	0.285714	2	1.7500	18	1.8000	5.0000	1
[[2,3,2],[2,2],[3,2,2]]	0.285714	2	1.7500	18	1.8000	5.0000	1
[[2,3,2],[2,3,2],[2,2]]	0.285714	2	1.7500	18	1.8000	5.0000	1
[[2,3,2],[3,2,2],[2,2]]	0.285714	2	1.7500	18	1.8000	5.0000	1
[[3,2,2],[2,2,3],[2,2]]	0.285714	2	1.7500	18	1.8000	5.0000	1
[[3,2,2],[2,2],[2,2,3]]	0.285714	2	1.7500	18	1.8000	5.0000	1
[[3,2,2],[2,2],[2,3,2]]	0.285714	2	1.7500	18	1.8000	5.0000	1
[[3,2,2],[2,2],[3,2,2]]	0.285714	2	1.7500	18	1.8000	5.0000	1
[[3,2,2],[2,3,2],[2,2]]	0.285714	2	1.7500	18	1.8000	5.0000	1
[[3,2,2],[3,2,2],[2,2]]	0.285714	2	1.7500	18	1.8000	5.0000	1
[[2,3],[3,3,3]]	0.277778	2	1.8000	14	1.4000	5.0000	1
[[3,2],[3,3,3]]	0.277778	2	1.8000	14	1.4000	5.0000	1
[[3,3,3],[2,3]]	0.277778	2	1.8000	14	1.4000	5.0000	1
[[3,3,3],[3,2]]	0.277778	2	1.8000	14	1.4000	5.0000	1
[[2,3],[2,3],[3,3,3]]	0.277778	2	1.8000	19	1.9000	5.0000	1
[[2,3],[3,2],[3,3,3]]	0.277778	2	1.8000	19	1.9000	5.0000	1
[[2,3],[3,3,3],[2,3]]	0.277778	2	1.8000	19	1.9000	5.0000	1
[[2,3],[3,3,3],[3,2]]	0.277778	2	1.8000	19	1.9000	5.0000	1
[[3,2],[2,3],[3,3,3]]	0.277778	2	1.8000	19	1.9000	5.0000	1
[[3,2],[3,2],[3,3,3]]	0.277778	2	1.8000	19	1.9000	5.0000	1
[[3,2],[3,3,3],[2,3]]	0.277778	2	1.8000	19	1.9000	5.0000	1
[[3,2],[3,3,3],[3,2]]	0.277778	2	1.8000	19	1.9000	5.0000	1
[[3,3,3],[2,3],[2,3]]	0.277778	2	1.8000	19	1.9000	5.0000	1
[[3,3,3],[2,3],[3,2]]	0.277778	2	1.8000	19	1.9000	5.0000	1
[[3,3,3],[3,2],[2,3]]	0.277778	2	1.8000	19	1.9000	5.0000	1
[[3,3,3],[3,2],[3,2]]	0.277778	2	1.8000	19	1.9000	5.0000	1
[[2,2,2],[2,3],[3,3,3]]	0.277778	2	1.8000	20	2.0000	5.0000	1
[[2,2,2],[3,2],[3,3,3]]	0.277778	2	1.8000	20	2.0000	5.0000	1
[[2,2,2],[3,3,3],[2,3]]	0.277778	2	1.8000	20	2.0000	5.0000	1
[[2,2,2],[3,3,3],[3,2]]	0.277778	2	1.8000	20	2.0000	5.0000	1
[[2,3],[2,2,2],[3,3,3]]	0.277778	2	1.8000	20	2.0000	5.0000	1
[[2,3],[3,3,3],[2,2,2]]	0.277778	2	1.8000	20	2.0000	5.0000	1
[[2,3],[3,3,3],[3,3]]	0.277778	2	1.8000	20	2.0000	5.0000	1
[[2,3],[3,3],[3,3,3]]	0.277778	2	1.8000	20	2.0000	5.0000	1
[[3,2],[2,2,2],[3,3,3]]	0.277778	2	1.8000	20	2.0000	5.0000	1
[[3,2],[3,3,3],[2,2,2]]	0.277778	2	1.8000	20	2.0000	5.0000	1
[[3,2],[3,3,3],[3,3]]	0.277778	2	1.8000	20	2.0000	5.0000	1
[[3,2],[3,3],[3,3,3]]	0.277778	2	1.8000	20	2.0000	5.0000	1
[[3,3,3],[2,2,2],[2,3]]	0.277778	2	1.8000	20	2.0000	5.0000	1
[[3,3,3],[2,2,2],[3,2]]	0.277778	2	1.8000	20	2.0000	5.0000	1
[[3,3,3],[2,3],[2,2,2]]	0.277778	2	1.8000	20	2.0000	5.0000	1
[[3,3,3],[2,3],[3,3]]	0.277778	2	1.8000	20	2.0000	5.0000	1
[[3,3,3],[3,2],[2,2,2]]	0.277778	2	1.8000	20	2.0000	5.0000	1
[[3,3,3],[3,2],[3,3]]	0.277778	2	1.8000	20	2.0000	5.0000	1
[[3,3,3],[3,3],[2,3]]	0.277778	2	1.8000	20	2.0000	5.0000	1
[[3,3,3],[3,3],[3,2]]	0.277778	2	1.8000	20	2.0000	5.0000	1
[[3,3],[2,3],[3,3,3]]	0.277778	2	1.8000	20	2.0000	5.0000	1
[[3,3],[3,2],[3,3,3]]	0.277778	2	1.8000	20	2.0000	5.0000	1
[[3,3],[3,3,3],[2,3]]	0.277778	2	1.8000	20	2.0000	5.0000	1
[[3,3],[3,3,3],[3,2]]	0.277778	2	1.8000	20	2.0000	5.0000	1
[[2,2],[2,3,3]]	0.250000	2	2.0000	12	1.2000	5.0000	1
[[2,2],[3,2,3]]	0.250000	2	2.0000	12	1.2000	5.0000	1
[[2,2],[3,3,2]]	0.250000	2	2.0000	12	1.2000	5.0000	1
[[2,3,3],[2,2]]	0.250000	2	2.0000	12	1.2000	5.0000	1
[[3,2,3],[2,2]]	0.250000	2	2.0000	12	1.2000	5.0000	1
[[3,3,2],[2,2]]	0.250000	2	2.0000	12	1.2000	5.0000	1
[[2,2],[2,2],[2,3,3]]	0.250000	2	2.0000	16	1.6000	5.0000	1
[[2,2],[2,2],[3,2,3]]	0.250000	2	2.0000	16	1.6000	5.0000	1
[[2,2],[2,2],[3,3,2]]	0.250000	2	2.0000	16	1.6000	5.0000	1
[[2,2],[2,3,3],[2,2]]	0.250000	2	2.0000	16	1.6000	5.0000	1
[[2,2],[3,2,3],[2,2]]	0.250000	2	2.0000	16	1.6000	5.0000	1
[[2,2],[3,3,2],[2,2]]	0.250000	2	2.0000	16	1.6000	5.0000	1
[[2,3,3],[2,2],[2,2]]	0.250000	2	2.0000	16	1.6000	5.0000	1
[[3,2,3],[2,2],[2,2]]	0.250000	2	2.0000	16	1.6000	5.0000	1
[[3,3,2],[2,2],[2,2]]	0.250000	2	2.0000	16	1.6000	5.0000	1
[[2,2],[2,3,3],[2,3]]	0.250000	2	2.0000	17	1.7000	5.0000	1
[[2,2],[2,3,3],[3,2]]	0.250000	2	2.0000	17	1.7000	5.0000	1
[[2,2],[2,3],[2,3,3]]	0.250000	2	2.0000	17	1.7000	5.0000	1
[[2,2],[2,3],[3,2,3]]	0.250000	2	2.0000	17	1.7000	5.0000	1
[[2,2],[2,3],[3,3,2]]	0.250000	2	2.0000	17	1.7000	5.0000	1
[[2,2],[3,2,3],[2,3]]	0.250000	2	2.0000	17	1.7000	5.0000	1
[[2,2],[3,2,3],[3,2]]	0.250000	2	2.0000	17	1.7000	5.0000	1
[[2,2],[3,2],[2,3,3]]	0.250000	2	2.0000	17	1.7000	5.0000	1
[[2,2],[3,2],[3,2,3]]	0.250000	2	2.0000	17	1.7000	5.0000	1
[[2,2],[3,2],[3,3,2]]	0.250000	2	2.0000	17	1.7000	5.0000	1
[[2,2],[3,3,2],[2,3]]	0.250000	2	2.0000	17	1.7000	5.0000	1
[[2,2],[3,3,2],[3,2]]	0.250000	2	2.0000	17	1.7000	5.0000	1
[[2,3,3],[2,2],[2,3]]	0.250000	2	2.0000	17	1.7000	5.0000	1
[[2,3,3],[2,2],[3,2]]	0.250000	2	2.0000	17	1.7000	5.0000	1
[[2,3,3],[2,3],[2,2]]	0.250000	2	2.0000	17	1.7000	5.0000	1
[[2,3,3],[3,2],[2,2]]	0.250000	2	2.0000	17	1.7000	5.0000	1
[[2,3],[2,2],[2,3,3]]	0.250000	2	2.0000	17	1.7000	5.0000	1
[[2,3],[2,2],[3,2,3]]	0.250000	2	2.0000	17	1.7000	5.0000	1
[[2,3],[2,2],[3,3,2]]	0.250000	2	2.0000	17	1.7000	5.0000	1
[[2,3],[2,3,3],[2,2]]	0.250000	2	2.0000	17	1.7000	5.0000	1
[[2,3],[3,2,3],[2,2]]	0.250000	2	2.0000	17	1.7000	5.0000	1
[[2,3],[3,3,2],[2,2]]	0.250000	2	2.0000	17	1.7000	5.0000	1
[[3,2,3],[2,2],[2,3]]	0.250000	2	2.0000	17	1.7000	5.0000	1
[[3,2,3],[2,2],[3,2]]	0.250000	2	2.0000	17	1.7000	5.0000	1
[[3,2,3],[2,3],[2,2]]	0.250000	2	2.0000	17	1.7000	5.0000	1
[[3,2,3],[3,2],[2,2]]	0.250000	2	2.0000	17	1.7000	5.0000	1
[[3,2],[2,2],[2,3,3]]	0.250000	2	2.0000	17	1.7000	5.0000	1
[[3,2],[2,2],[3,2,3]]	0.250000	2	2.0000	17	1.7000	5.0000	1
[[3,2],[2,2],[3,3,2]]	0.250000	2	2.0000	17	1.7000	5.0000	1
[[3,2],[2,3,3],[2,2]]	0.250000	2	2.0000	17	1.7000	5.0000	1
[[3,2],[3,2,3],[2,2]]	0.250000	2	2.0000	17	1.7000	5.0000	1
[[3,2],[3,3,2],[2,2]]	0.250000	2	2.0000	17	1.7000	5.0000	1
[[3,3,2],[2,2],[2,3]]	0.250000	2	2.0000	17	1.7000	5.0000	1
[[3,3,2],[2,2],[3,2]]	0.250000	2	2.0000	17	1.7000	5.0000	1
[[3,3,2],[2,3],[2,2]]	0.250000	2	2.0000	17	1.7000	5.0000	1
[[3,3,2],[3,2],[2,2]]	0.250000	2	2.0000	17	1.7000	5.0000	1
[[2,2,2],[2,2],[2,3,3]]	0.250000	2	2.0000	18	1.8000	5.0000	1
[[2,2,2],[2,2],[3,2,3]]	0.250000	2	2.0000	18	1.8000	5.0000	1
[[2,2,2],[2,2],[3,3,2]]	0.250000	2	2.0000	18	1.8000	5.0000	1
[[2,2,2],[2,3,3],[2,2]]	0.250000	2	2.0000	18	1.8000	5.0000	1
[[2,2,2],[3,2,3],[2,2]]	0.250000	2	2.0000	18	1.8000	5.0000	1
[[2,2,2],[3,3,2],[2,2]]	0.250000	2	2.0000	18	1.8000	5.0000	1
[[2,2],[2,2,2],[2,3,3]]	0.250000	2	2.0000	18	1.8000	5.0000	1
[[2,2],[2,2,2],[3,2,3]]	0.250000	2	2.0000	18	1.8000	5.0000	1
[[2,2],[2,2,2],[3,3,2]]	0.250000	2	2.0000	18	1.8000	5.0000	1
[[2,2],[2,3,3],[2,2,2]]	0.250000	2	2.0000	18	1.8000	5.0000	1
[[2,2],[2,3,3],[3,3]]	0.250000	2	2.0000	18	1.8000	5.0000	1
[[2,2],[3,2,3],[2,2,2]]	0.250000	2	2.0000	18	1.8000	5.0000	1
[[2,2],[3,2,3],[3,3]]	0.250000	2	2.0000	18	1.8000	5.0000	1
[[2,2],[3,3,2],[2,2,2]]	0.250000	2	2.0000	18	1.8000	5.0000	1
[[2,2],[3,3,2],[3,3]]	0.250000	2	2.0000	18	1.8000	5.0000	1
[[2,2],[3,3],[2,3,3]]	0.250000	2	2.0000	18	1.8000	5.0000	1
[[2,2],[3,3],[3,2,3]]	0.250000	2	2.0000	18	1.8000	5.0000	1
[[2,2],[3,3],[3,3,2]]	0.250000	2	2.0000	18	1.8000	5.0000	1
[[2,3,3],[2,2,2],[2,2]]	0.250000	2	2.0000	18	1.8000	5.0000	1
[[2,3,3],[2,2],[2,2,2]]	0.250000	2	2.0000	18	1.8000	5.0000	1
[[2,3,3],[2,2],[3,3]]	0.250000	2	2.0000	18	1.8000	5.0000	1
[[2,3,3],[3,3],[2,2]]	0.250000	2	2.0000	18	1.8000	5.0000	1
[[3,2,3],[2,2,2],[2,2]]	0.250000	2	2.0000	18	1.8000	5.0000	1
[[3,2,3],[2,2],[2,2,2]]	0.250000	2	2.0000	18	1.8000	5.0000	1
[[3,2,3],[2,2],[3,3]]	0.250000	2	2.0000	18	1.8000	5.0000	1
[[3,2,3],[3,3],[2,2]]	0.250000	2	2.0000	18	1.8000	5.0000	1
[[3,3,2],[2,2,2],[2,2]]	0.250000	2	2.0000	18	1.8000	5.0000	1
[[3,3,2],[2,2],[2,2,2]]	0.250000	2	2.0000	18	1.8000	5.0000	1
[[3,3,2],[2,2],[3,3]]	0.250000	2	2.0000	18	1.8000	5.0000	1
[[3,3,2],[3,3],[2,2]]	0.250000	2	2.0000	18	1.8000	5.0000	1
[[3,3],[2,2],[2,3,3]]	0.250000	2	2.0000	18	1.8000	5.0000	1
[[3,3],[2,2],[3,2,3]]	0.250000	2	2.0000	18	1.8000	5.0000	1
[[3,3],[2,2],[3,3,2]]	0.250000	2	2.0000	18	1.8000	5.0000	1
[[3,3],[2,3,3],[2,2]]	0.250000	2	2.0000	18	1.8000	5.0000	1
[[3,3],[3,2,3],[2,2]]	0.250000	2	2.0000	18	1.8000	5.0000	1
[[3,3],[3,3,2],[2,2]]	0.250000	2	2.0000	18	1.8000	5.0000	1
[[2,2,3],[2,2],[2,3,3]]	0.250000	2	2.0000	19	1.9000	5.0000	1
[[2,2,3],[2,2],[3,2,3]]	0.250000	2	2.0000	19	1.9000	5.0000	1
[[2,2,3],[2,2],[3,3,2]]	0.250000	2	2.0000	19	1.9000	5.0000	1
[[2,2,3],[2,3,3],[2,2]]	0.250000	2	2.0000	19	1.9000	5.0000	1
[[2,2,3],[3,2,3],[2,2]]	0.250000	2	2.0000	19	1.9000	5.0000	1
[[2,2,3],[3,3,2],[2,2]]	0.250000	2	2.0000	19	1.9000	5.0000	1
[[2,2],[2,2,3],[2,3,3]]	0.250000	2	2.0000	19	1.9000	5.0000	1
[[2,2],[2,2,3],[3,2,3]]	0.250000	2	2.0000	19	1.9000	5.0000	1
[[2,2],[2,2,3],[3,3,2]]	0.250000	2	2.0000	19	1.9000	5.0000	1
[[2,2],[2,3,2],[2,3,3]]	0.250000	2	2.0000	19	1.9000	5.0000	1
[[2,2],[2,3,2],[3,2,3]]	0.250000	2	2.0000	19	1.9000	5.0000	1
[[2,2],[2,3,2],[3,3,2]]	0.250000	2	2.0000	19	1.9000	5.0000	1
[[2,2],[2,3,3],[2,2,3]]	0.250000	2	2.0000	19	1.9000	5.0000	1
[[2,2],[2,3,3],[2,3,2]]	0.250000	2	2.0000	19	1.9000	5.0000	1
[[2,2],[2,3,3],[3,2,2]]	0.250000	2	2.0000	19	1.9000	5.0000	1
[[2,2],[3,2,2],[2,3,3]]	0.250000	2	2.0000	19	1.9000	5.0000	1
[[2,2],[3,2,2],[3,2,3]]	0.250000	2	2.0000	19	1.9000	5.0000	1
[[2,2],[3,2,2],[3,3,2]]	0.250000	2	2.0000	19	1.9000	5.0000	1
[[2,2],[3,2,3],[2,2,3]]	0.250000	2	2.0000	19	1.9000	5.0000	1
[[2,2],[3,2,3],[2,3,2]]	0.250000	2	2.0000	19	1.9000	5.0000	1
[[2,2],[3,2,3],[3,2,2]]	0.250000	2	2.0000	19	1.9000	5.0000	1
[[2,2],[3,3,2],[2,2,3]]	0.250000	2	2.0000	19	1.9000	5.0000	1
[[2,2],[3,3,2],[2,3,2]]	0.250000	2	2.0000	19	1.9000	5.0000	1
[[2,2],[3,3,2],[3,2,2]]	0.250000	2	2.0000	19	1.9000	5.0000	1
[[2,3,2],[2,2],[2,3,3]]	0.250000	2	2.0000	19	1.9000	5.0000	1
[[2,3,2],[2,2],[3,2,3]]	0.250000	2	2.0000	19	1.9000	5.0000	1
[[2,3,2],[2,2],[3,3,2]]	0.250000	2	2.0000	19	1.9000	5.0000	1
[[2,3,2],[2,3,3],[2,2]]	0.250000	2	2.0000	19	1.9000	5.0000	1
[[2,3,2],[3,2,3],[2,2]]	0.250000	2	2.0000	19	1.9000	5.0000	1
[[2,3,2],[3,3,2],[2,2]]	0.250000	2	2.0000	19	1.9000	5.0000	1
[[2,3,3],[2,2,3],[2,2]]	0.250000	2	2.0000	19	1.9000	5.0000	1
[[2,3,3],[2,2],[2,2,3]]	0.250000	2	2.0000	19	1.9000	5.0000	1
[[2,3,3],[2,2],[2,3,2]]	0.250000	2	2.0000	19	1.9000	5.0000	1
[[2,3,3],[2,2],[3,2,2]]	0.250000	2	2.0000	19	1.9000	5.0000	1
[[2,3,3],[2,3,2],[2,2]]	0.250000	2	2.0000	19	1.9000	5.0000	1
[[2,3,3],[3,2,2],[2,2]]	0.250000	2	2.0000	19	1.9000	5.0000	1
[[3,2,2],[2,2],[2,3,3]]	0.250000	2	2.0000	19	1.9000	5.0000	1
[[3,2,2],[2,2],[3,2,3]]	0.250000	2	2.0000	19	1.9000	5.0000	1
[[3,2,2],[2,2],[3,3,2]]	0.250000	2	2.0000	19	1.9000	5.0000	1
[[3,2,2],[2,3,3],[2,2]]	0.250000	2	2.0000	19	1.9000	5.0000	1
[[3,2,2],[3,2,3],[2,2]]	0.250000	2	2.0000	19	1.9000	5.0000	1
[[3,2,2],[3,3,2],[2,2]]	0.250000	2	2.0000	19	1.9000	5.0000	1
[[3,2,3],[2,2,3],[2,2]]	0.250000	2	2.0000	19	1.9000	5.0000	1
[[3,2,3],[2,2],[2,2,3]]	0.250000	2	2.0000	19	1.9000	5.0000	1
[[3,2,3],[2,2],[2,3,2]]	0.250000	2	2.0000	19	1.9000	5.0000	1
[[3,2,3],[2,2],[3,2,2]]	0.250000	2	2.0000	19	1.9000	5.0000	1
[[3,2,3],[2,3,2],[2,2]]	0.250000	2	2.0000	19	1.9000	5.0000	1
[[3,2,3],[3,2,2],[2,2]]	0.250000	2	2.0000	19	1.9000	5.0000	1
[[3,3,2],[2,2,3],[2,2]]	0.250000	2	2.0000	19	1.9000	5.0000	1
[[3,3,2],[2,2],[2,2,3]]	0.250000	2	2.0000	19	1.9000	5.0000	1
[[3,3,2],[2,2],[2,3,2]]	0.250000	2	2.0000	19	1.9000	5.0000	1
[[3,3,2],[2,2],[3,2,2]]	0.250000	2	2.0000	19	1.9000	5.0000	1
[[3,3,2],[2,3,2],[2,2]]	0.250000	2	2.0000	19	1.9000	5.0000	1
[[3,3,2],[3,2,2],[2,2]]	0.250000	2	2.0000	19	1.9000	5.0000	1
[[2,2],[2,3,3],[2,3,3]]	0.250000	2	2.0000	20	2.0000	5.0000	1
[[2,2],[2,3,3],[3,2,3]]	0.250000	2	2.0000	20	2.0000	5.0000	1
[[2,2],[2,3,3],[3,3,2]]	0.250000	2	2.0000	20	2.0000	5.0000	1
[[2,2],[3,2,3],[2,3,3]]	0.250000	2	2.0000	20	2.0000	5.0000	1
[[2,2],[3,2,3],[3,2,3]]	0.250000	2	2.0000	20	2.0000	5.0000	1
[[2,2],[3,2,3],[3,3,2]]	0.250000	2	2.0000	20	2.0000	5.0000	1
[[2,2],[3,3,2],[2,3,3]]	0.250000	2	2.0000	20	2.0000	5.0000	1
[[2,2],[3,3,2],[3,2,3]]	0.250000	2	2.0000	20	2.0000	5.0000	1
[[2,2],[3,3,2],[3,3,2]]	0.250000	2	2.0000	20	2.0000	5.0000	1
[[2,3,3],[2,2],[2,3,3]]	0.250000	2	2.0000	20	2.0000	5.0000	1
[[2,3,3],[2,2],[3,2,3]]	0.250000	2	2.0000	20	2.0000	5.0000	1
[[2,3,3],[2,2],[3,3,2]]	0.250000	2	2.0000	20	2.0000	5.0000	1
[[2,3,3],[2,3,3],[2,2]]	0.250000	2	2.0000	20	2.0000	5.0000	1
[[2,3,3],[3,2,3],[2,2]]	0.250000	2	2.0000	20	2.0000	5.0000	1
[[2,3,3],[3,3,2],[2,2]]	0.250000	2	2.0000	20	2.0000	5.0000	1
[[3,2,3],[2,2],[2,3,3]]	0.250000	2	2.0000	20	2.0000	5.0000	1
[[3,2,3],[2,2],[3,2,3]]	0.250000	2	2.0000	20	2.0000	5.0000	1
[[3,2,3],[2,2],[3,3,2]]	0.250000	2	2.0000	20	2.0000	5.0000	1
[[3,2,3],[2,3,3],[2,2]]	0.250000	2	2.0000	20	2.0000	5.0000	1
[[3,2,3],[3,2,3],[2,2]]	0.250000	2	2.0000	20	2.0000	5.0000	1
[[3,2,3],[3,3,2],[2,2]]	0.250000	2	2.0000	20	2.0000	5.0000	1
[[3,3,2],[2,2],[2,3,3]]	0.250000	2	2.0000	20	2.0000	5.0000	1
[[3,3,2],[2,2],[3,2,3]]	0.250000	2	2.0000	20	2.0000	5.0000	1
[[3,3,2],[2,2],[3,3,2]]	0.250000	2	2.0000	20	2.0000	5.0000	1
[[3,3,2],[2,3,3],[2,2]]	0.250000	2	2.0000	20	2.0000	5.0000	1
[[3,3,2],[3,2,3],[2,2]]	0.250000	2	2.0000	20	2.0000	5.0000	1
[[3,3,2],[3,3,2],[2,2]]	0.250000	2	2.0000	20	2.0000	5.0000	1
[[2,2],[3,3,3]]	0.222222	2	2.2500	13	1.3000	5.0000	1
[[3,3,3],[2,2]]	0.222222	2	2.2500	13	1.3000	5.0000	1
[[2,2],[2,2],[3,3,3]]	0.222222	2	2.2500	17	1.7000	5.0000	1
[[2,2],[3,3,3],[2,2]]	0.222222	2	2.2500	17	1.7000	5.0000	1
[[3,3,3],[2,2],[2,2]]	0.222222	2	2.2500	17	1.7000	5.0000	1
[[2,2],[2,3],[3,3,3]]	0.222222	2	2.2500	18	1.8000	5.0000	1
[[2,2],[3,2],[3,3,3]]	0.222222	2	2.2500	18	1.8000	5.0000	1
[[2,2],[3,3,3],[2,3]]	0.222222	2	2.2500	18	1.8000	5.0000	1
[[2,2],[3,3,3],[3,2]]	0.222222	2	2.2500	18	1.8000	5.0000	1
[[2,3],[2,2],[3,3,3]]	0.222222	2	2.2500	18	1.8000	5.0000	1
[[2,3],[3,3,3],[2,2]]	0.222222	2	2.2500	18	1.8000	5.0000	1
[[3,2],[2,2],[3,3,3]]	0.222222	2	2.2500	18	1.8000	5.0000	1
[[3,2],[3,3,3],[2,2]]	0.222222	2	2.2500	18	1.8000	5.0000	1
[[3,3,3],[2,2],[2,3]]	0.222222	2	2.2500	18	1.8000	5.0000	1
[[3,3,3],[2,2],[3,2]]	0.222222	2	2.2500	18	1.8000	5.0000	1
[[3,3,3],[2,3],[2,2]]	0.222222	2	2.2500	18	1.8000	5.0000	1
[[3,3,3],[3,2],[2,2]]	0.222222	2	2.2500	18	1.8000	5.0000	1
[[[2,2],[2,2]],[[2,3],[3,2]]]	0.222222	3	1.5000	18	1.8000	5.0000	2
[[[2,2],[2,2]],[[3,2],[2,3]]]	0.222222	3	1.5000	18	1.8000	5.0000	2
[[[2,2],[2,3]],[[2,2],[3,2]]]	0.222222	3	1.5000	18	1.8000	5.0000	2
[[[2,2],[2,3]],[[3,2],[2,2]]]	0.222222	3	1.5000	18	1.8000	5.0000	2
[[[2,2],[3,2]],[[2,2],[2,3]]]	0.222222	3	1.5000	18	1.8000	5.0000	2
[[[2,2],[3,2]],[[2,3],[2,2]]]	0.222222	3	1.5000	18	1.8000	5.0000	2
[[[2,3],[2,2]],[[2,2],[3,2]]]	0.222222	3	1.5000	18	1.8000	5.0000	2
[[[2,3],[2,2]],[[3,2],[2,2]]]	0.222222	3	1.5000	18	1.8000	5.0000	2
[[[2,3],[3,2]],[[2,2],[2,2]]]	0.222222	3	1.5000	18	1.8000	5.0000	2
[[[3,2],[2,2]],[[2,2],[2,3]]]	0.222222	3	1.5000	18	1.8000	5.0000	2
[[[3,2],[2,2]],[[2,3],[2,2]]]	0.222222	3	1.5000	18	1.8000	5.0000	2
[[[3,2],[2,3]],[[2,2],[2,2]]]	0.222222	3	1.5000	18	1.8000	5.0000	2
[[2,2,2],[2,2],[3,3,3]]	0.222222	2	2.2500	19	1.9000	5.0000	1
[[2,2,2],[3,3,3],[2,2]]	0.222222	2	2.2500	19	1.9000	5.0000	1
[[2,2],[2,2,2],[3,3,3]]	0.222222	2	2.2500	19	1.9000	5.0000	1
[[2,2],[3,3,3],[2,2,2]]	0.222222	2	2.2500	19	1.9000	5.0000	1
[[2,2],[3,3,3],[3,3]]	0.222222	2	2.2500	19	1.9000	5.0000	1
[[2,2],[3,3],[3,3,3]]	0.222222	2	2.2500	19	1.9000	5.0000	1
[[3,3,3],[2,2,2],[2,2]]	0.222222	2	2.2500	19	1.9000	5.0000	1
[[3,3,3],[2,2],[2,2,2]]	0.222222	2	2.2500	19	1.9000	5.0000	1
[[3,3,3],[2,2],[3,3]]	0.222222	2	2.2500	19	1.9000	5.0000	1
[[3,3,3],[3,3],[2,2]]	0.222222	2	2.2500	19	1.9000	5.0000	1
[[3,3],[2,2],[3,3,3]]	0.222222	2	2.2500	19	1.9000	5.0000	1
[[3,3],[3,3,3],[2,2]]	0.222222	2	2.2500	19	1.9000	5.0000	1
[[[2,2,2],[2,2]],[[2,2],[2,3]]]	0.222222	3	1.5000	19	1.9000	5.0000	2
[[[2,2,2],[2,2]],[[2,2],[3,2]]]	0.222222	3	1.5000	19	1.9000	5.0000	2
[[[2,2,2],[2,2]],[[2,3],[2,2]]]	0.222222	3	1.5000	19	1.9000	5.0000	2
[[[2,2,2],[2,2]],[[3,2],[2,2]]]	0.222222	3	1.5000	19	1.9000	5.0000	2
[[[2,2,2],[2,3]],[[2,2],[2,2]]]	0.222222	3	1.5000	19	1.9000	5.0000	2
[[[2,2,2],[3,2]],[[2,2],[2,2]]]	0.222222	3	1.5000	19	1.9000	5.0000	2
[[[2,2],[2,2,2]],[[2,2],[2,3]]]	0.222222	3	1.5000	19	1.9000	5.0000	2
[[[2,2],[2,2,2]],[[2,2],[3,2]]]	0.222222	3	1.5000	19	1.9000	5.0000	2
[[[2,2],[2,2,2]],[[2,3],[2,2]]]	0.222222	3	1.5000	19	1.9000	5.0000	2
[[[2,2],[2,2,2]],[[3,2],[2,2]]]	0.222222	3	1.5000	19	1.9000	5.0000	2
[[[2,2],[2,2]],[[2,2,2],[2,3]]]	0.222222	3	1.5000	19	1.9000	5.0000	2
[[[2,2],[2,2]],[[2,2,2],[3,2]]]	0.222222	3	1.5000	19	1.9000	5.0000	2
[[[2,2],[2,2]],[[2,3],[2,2,2]]]	0.222222	3	1.5000	19	1.9000	5.0000	2
[[[2,2],[2,2]],[[2,3],[3,3]]]	0.222222	3	1.5000	19	1.9000	5.0000	2
[[[2,2],[2,2]],[[3,2],[2,2,2]]]	0.222222	3	1.5000	19	1.9000	5.0000	2
[[[2,2],[2,2]],[[3,2],[3,3]]]	0.222222	3	1.5000	19	1.9000	5.0000	2
[[[2,2],[2,2]],[[3,3],[2,3]]]	0.222222	3	1.5000	19	1.9000	5.0000	2
[[[2,2],[2,2]],[[3,3],[3,2]]]	0.222222	3	1.5000	19	1.9000	5.0000	2
[[[2,2],[2,3]],[[2,2,2],[2,2]]]	0.222222	3	1.5000	19	1.9000	5.0000	2
[[[2,2],[2,3]],[[2,2],[2,2,2]]]	0.222222	3	1.5000	19	1.9000	5.0000	2
[[[2,2],[2,3]],[[2,2],[3,3]]]	0.222222	3	1.5000	19	1.9000	5.0000	2
[[[2,2],[2,3]],[[2,3],[3,2]]]	0.222222	3	1.5000	19	1.9000	5.0000	2
[[[2,2],[2,3]],[[3,2],[2,3]]]	0.222222	3	1.5000	19	1.9000	5.0000	2
[[[2,2],[2,3]],[[3,2],[3,2]]]	0.222222	3	1.5000	19	1.9000	5.0000	2
[[[2,2],[2,3]],[[3,3],[2,2]]]	0.222222	3	1.5000	19	1.9000	5.0000	2
[[[2,2],[3,2]],[[2,2,2],[2,2]]]	0.222222	3	1.5000	19	1.9000	5.0000	2
[[[2,2],[3,2]],[[2,2],[2,2,2]]]	0.222222	3	1.5000	19	1.9000	5.0000	2
[[[2,2],[3,2]],[[2,2],[3,3]]]	0.222222	3	1.5000	19	1.9000	5.0000	2
[[[2,2],[3,2]],[[2,3],[2,3]]]	0.222222	3	1.5000	19	1.9000	5.0000	2
[[[2,2],[3,2]],[[2,3],[3,2]]]	0.222222	3	1.5000	19	1.9000	5.0000	2
[[[2,2],[3,2]],[[3,2],[2,3]]]	0.222222	3	1.5000	19	1.9000	5.0000	2
[[[2,2],[3,2]],[[3,3],[2,2]]]	0.222222	3	1.5000	19	1.9000	5.0000	2
[[[2,2],[3,3]],[[2,2],[2,3]]]	0.222222	3	1.5000	19	1.9000	5.0000	2
[[[2,2],[3,3]],[[2,2],[3,2]]]	0.222222	3	1.5000	19	1.9000	5.0000	2
[[[2,2],[3,3]],[[2,3],[2,2]]]	0.222222	3	1.5000	19	1.9000	5.0000	2
[[[2,2],[3,3]],[[3,2],[2,2]]]	0.222222	3	1.5000	19	1.9000	5.0000	2
[[[2,3],[2,2,2]],[[2,2],[2,2]]]	0.222222	3	1.5000	19	1.9000	5.0000	2
[[[2,3],[2,2]],[[2,2,2],[2,2]]]	0.222222	3	1.5000	19	1.9000	5.0000	2
[[[2,3],[2,2]],[[2,2],[2,2,2]]]	0.222222	3	1.5000	19	1.9000	5.0000	2
[[[2,3],[2,2]],[[2,2],[3,3]]]	0.222222	3	1.5000	19	1.9000	5.0000	2
[[[2,3],[2,2]],[[2,3],[3,2]]]	0.222222	3	1.5000	19	1.9000	5.0000	2
[[[2,3],[2,2]],[[3,2],[2,3]]]	0.222222	3	1.5000	19	1.9000	5.0000	2
[[[2,3],[2,2]],[[3,2],[3,2]]]	0.222222	3	1.5000	19	1.9000	5.0000	2
[[[2,3],[2,2]],[[3,3],[2,2]]]	0.222222	3	1.5000	19	1.9000	5.0000	2
[[[2,3],[2,3]],[[2,2],[3,2]]]	0.222222	3	1.5000	19	1.9000	5.0000	2
[[[2,3],[2,3]],[[3,2],[2,2]]]	0.222222	3	1.5000	19	1.9000	5.0000	2
[[[2,3],[3,2]],[[2,2],[2,3]]]	0.222222	3	1.5000	19	1.9000	5.0000	2
[[[2,3],[3,2]],[[2,2],[3,2]]]	0.222222	3	1.5000	19	1.9000	5.0000	2
[[[2,3],[3,2]],[[2,3],[2,2]]]	0.222222	3	1.5000	19	1.9000	5.0000	2
[[[2,3],[3,2]],[[3,2],[2,2]]]	0.222222	3	1.5000	19	1.9000	5.0000	2
[[[2,3],[3,3]],[[2,2],[2,2]]]	0.222222	3	1.5000	19	1.9000	5.0000	2
[[[3,2],[2,2,2]],[[2,2],[2,2]]]	0.222222	3	1.5000	19	1.9000	5.0000	2
[[[3,2],[2,2]],[[2,2,2],[2,2]]]	0.222222	3	1.5000	19	1.9000	5.0000	2
[[[3,2],[2,2]],[[2,2],[2,2,2]]]	0.222222	3	1.5000	19	1.9000	5.0000	2
[[[3,2],[2,2]],[[2,2],[3,3]]]	0.222222	3	1.5000	19	1.9000	5.0000	2
[[[3,2],[2,2]],[[2,3],[2,3]]]	0.222222	3	1.5000	19	1.9000	5.0000	2
[[[3,2],[2,2]],[[2,3],[3,2]]]	0.222222	3	1.5000	19	1.9000	5.0000	2
[[[3,2],[2,2]],[[3,2],[2,3]]]	0.222222	3	1.5000	19	1.9000	5.0000	2
[[[3,2],[2,2]],[[3,3],[2,2]]]	0.222222	3	1.5000	19	1.9000	5.0000	2
[[[3,2],[2,3]],[[2,2],[2,3]]]	0.222222	3	1.5000	19	1.9000	5.0000	2
[[[3,2],[2,3]],[[2,2],[3,2]]]	0.222222	3	1.5000	19	1.9000	5.0000	2
[[[3,2],[2,3]],[[2,3],[2,2]]]	0.222222	3	1.5000	19	1.9000	5.0000	2
[[[3,2],[2,3]],[[3,2],[2,2]]]	0.222222	3	1.5000	19	1.9000	5.0000	2
[[[3,2],[3,2]],[[2,2],[2,3]]]	0.222222	3	1.5000	19	1.9000	5.0000	2
[[[3,2],[3,2]],[[2,3],[2,2]]]	0.222222	3	1.5000	19	1.9000	5.0000	2
[[[3,2],[3,3]],[[2,2],[2,2]]]	0.222222	3	1.5000	19	1.9000	5.0000	2
[[[3,3],[2,2]],[[2,2],[2,3]]]	0.222222	3	1.5000	19	1.9000	5.0000	2
[[[3,3],[2,2]],[[2,2],[3,2]]]	0.222222	3	1.5000	19	1.9000	5.0000	2
[[[3,3],[2,2]],[[2,3],[2,2]]]	0.222222	3	1.5000	19	1.9000	5.0000	2
[[[3,3],[2,2]],[[3,2],[2,2]]]	0.222222	3	1.5000	19	1.9000	5.0000	2
[[[3,3],[2,3]],[[2,2],[2,2]]]	0.222222	3	1.5000	19	1.9000	5.0000	2
[[[3,3],[3,2]],[[2,2],[2,2]]]	0.222222	3	1.5000	19	1.9000	5.0000	2
[[2,2,3],[2,2],[3,3,3]]	0.222222	2	2.2500	20	2.0000	5.0000	1
[[2,2,3],[3,3,3],[2,2]]	0.222222	2	2.2500	20	2.0000	5.0000	1
[[2,2],[2,2,3],[3,3,3]]	0.222222	2	2.2500	20	2.0000	5.0000	1
[[2,2],[2,3,2],[3,3,3]]	0.222222	2	2.2500	20	2.0000	5.0000	1
[[2,2],[3,2,2],[3,3,3]]	0.222222	2	2.2500	20	2.0000	5.0000	1
[[2,2],[3,3,3],[2,2,3]]	0.222222	2	2.2500	20	2.0000	5.0000	1
[[2,2],[3,3,3],[2,3,2]]	0.222222	2	2.2500	20	2.0000	5.0000	1
[[2,2],[3,3,3],[3,2,2]]	0.222222	2	2.2500	20	2.0000	5.0000	1
[[2,3,2],[2,2],[3,3,3]]	0.222222	2	2.2500	20	2.0000	5.0000	1
[[2,3,2],[3,3,3],[2,2]]	0.222222	2	2.2500	20	2.0000	5.0000	1
[[3,2,2],[2,2],[3,3,3]]	0.222222	2	2.2500	20	2.0000	5.0000	1
[[3,2,2],[3,3,3],[2,2]]	0.222222	2	2.2500	20	2.0000	5.0000	1
[[3,3,3],[2,2,3],[2,2]]	0.222222	2	2.2500	20	2.0000	5.0000	1
[[3,3,3],[2,2],[2,2,3]]	0.222222	2	2.2500	20	2.0000	5.0000	1
[[3,3,3],[2,2],[2,3,2]]	0.222222	2	2.2500	20	2.0000	5.0000	1
[[3,3,3],[2,2],[3,2,2]]	0.222222	2	2.2500	20	2.0000	5.0000	1
[[3,3,3],[2,3,2],[2,2]]	0.222222	2	2.2500	20	2.0000	5.0000	1
[[3,3,3],[3,2,2],[2,2]]	0.222222	2	2.2500	20	2.0000	5.0000	1
[[[2,2,2],[2,2]],[[2,3],[2,3]]]	0.222222	3	1.5000	20	2.0000	5.0000	2
[[[2,2,2],[2,2]],[[3,2],[3,2]]]	0.222222	3	1.5000	20	2.0000	5.0000	2
[[[2,2,2],[2,3]],[[2,2],[2,3]]]	0.222222	3	1.5000	20	2.0000	5.0000	2
[[[2,2,2],[2,3]],[[2,3],[2,2]]]	0.222222	3	1.5000	20	2.0000	5.0000	2
[[[2,2,2],[3,2]],[[2,2],[3,2]]]	0.222222	3	1.5000	20	2.0000	5.0000	2
[[[2,2,2],[3,2]],[[3,2],[2,2]]]	0.222222	3	1.5000	20	2.0000	5.0000	2
[[[2,2,2],[3,3]],[[2,2],[2,2]]]	0.222222	3	1.5000	20	2.0000	5.0000	2
[[[2,2,3],[2,2]],[[2,2],[2,3]]]	0.222222	3	1.5000	20	2.0000	5.0000	2
[[[2,2,3],[2,2]],[[2,2],[3,2]]]	0.222222	3	1.5000	20	2.0000	5.0000	2
[[[2,2,3],[2,2]],[[2,3],[2,2]]]	0.222222	3	1.5000	20	2.0000	5.0000	2
[[[2,2,3],[2,2]],[[3,2],[2,2]]]	0.222222	3	1.5000	20	2.0000	5.0000	2
[[[2,2,3],[2,3]],[[2,2],[2,2]]]	0.222222	3	1.5000	20	2.0000	5.0000	2
[[[2,2,3],[3,2]],[[2,2],[2,2]]]	0.222222	3	1.5000	20	2.0000	5.0000	2
[[[2,2],[2,2,2]],[[2,3],[2,3]]]	0.222222	3	1.5000	20	2.0000	5.0000	2
[[[2,2],[2,2,2]],[[3,2],[3,2]]]	0.222222	3	1.5000	20	2.0000	5.0000	2
[[[2,2],[2,2,3]],[[2,2],[2,3]]]	0.222222	3	1.5000	20	2.0000	5.0000	2
[[[2,2],[2,2,3]],[[2,2],[3,2]]]	0.222222	3	1.5000	20	2.0000	5.0000	2
[[[2,2],[2,2,3]],[[2,3],[2,2]]]	0.222222	3	1.5000	20	2.0000	5.0000	2
[[[2,2],[2,2,3]],[[3,2],[2,2]]]	0.222222	3	1.5000	20	2.0000	5.0000	2
[[[2,2],[2,2]],[[2,2,2],[3,3]]]	0.222222	3	1.5000	20	2.0000	5.0000	2
[[[2,2],[2,2]],[[2,2,3],[2,3]]]	0.222222	3	1.5000	20	2.0000	5.0000	2
[[[2,2],[2,2]],[[2,2,3],[3,2]]]	0.222222	3	1.5000	20	2.0000	5.0000	2
[[[2,2],[2,2]],[[2,3,2],[2,3]]]	0.222222	3	1.5000	20	2.0000	5.0000	2
[[[2,2],[2,2]],[[2,3,2],[3,2]]]	0.222222	3	1.5000	20	2.0000	5.0000	2
[[[2,2],[2,2]],[[2,3],[2,2,3]]]	0.222222	3	1.5000	20	2.0000	5.0000	2
[[[2,2],[2,2]],[[2,3],[2,3,2]]]	0.222222	3	1.5000	20	2.0000	5.0000	2
[[[2,2],[2,2]],[[2,3],[3,2,2]]]	0.222222	3	1.5000	20	2.0000	5.0000	2
[[[2,2],[2,2]],[[3,2,2],[2,3]]]	0.222222	3	1.5000	20	2.0000	5.0000	2
[[[2,2],[2,2]],[[3,2,2],[3,2]]]	0.222222	3	1.5000	20	2.0000	5.0000	2
[[[2,2],[2,2]],[[3,2],[2,2,3]]]	0.222222	3	1.5000	20	2.0000	5.0000	2
[[[2,2],[2,2]],[[3,2],[2,3,2]]]	0.222222	3	1.5000	20	2.0000	5.0000	2
[[[2,2],[2,2]],[[3,2],[3,2,2]]]	0.222222	3	1.5000	20	2.0000	5.0000	2
[[[2,2],[2,2]],[[3,3],[2,2,2]]]	0.222222	3	1.5000	20	2.0000	5.0000	2
[[[2,2],[2,3,2]],[[2,2],[2,3]]]	0.222222	3	1.5000	20	2.0000	5.0000	2
[[[2,2],[2,3,2]],[[2,2],[3,2]]]	0.222222	3	1.5000	20	2.0000	5.0000	2
[[[2,2],[2,3,2]],[[2,3],[2,2]]]	0.222222	3	1.5000	20	2.0000	5.0000	2
[[[2,2],[2,3,2]],[[3,2],[2,2]]]	0.222222	3	1.5000	20	2.0000	5.0000	2
[[[2,2],[2,3]],[[2,2,2],[2,3]]]	0.222222	3	1.5000	20	2.0000	5.0000	2
[[[2,2],[2,3]],[[2,2,3],[2,2]]]	0.222222	3	1.5000	20	2.0000	5.0000	2
[[[2,2],[2,3]],[[2,2],[2,2,3]]]	0.222222	3	1.5000	20	2.0000	5.0000	2
[[[2,2],[2,3]],[[2,2],[2,3,2]]]	0.222222	3	1.5000	20	2.0000	5.0000	2
[[[2,2],[2,3]],[[2,2],[3,2,2]]]	0.222222	3	1.5000	20	2.0000	5.0000	2
[[[2,2],[2,3]],[[2,3,2],[2,2]]]	0.222222	3	1.5000	20	2.0000	5.0000	2
[[[2,2],[2,3]],[[2,3],[2,2,2]]]	0.222222	3	1.5000	20	2.0000	5.0000	2
[[[2,2],[2,3]],[[2,3],[3,3]]]	0.222222	3	1.5000	20	2.0000	5.0000	2
[[[2,2],[2,3]],[[3,2,2],[2,2]]]	0.222222	3	1.5000	20	2.0000	5.0000	2
[[[2,2],[2,3]],[[3,3],[2,3]]]	0.222222	3	1.5000	20	2.0000	5.0000	2
[[[2,2],[3,2,2]],[[2,2],[2,3]]]	0.222222	3	1.5000	20	2.0000	5.0000	2
[[[2,2],[3,2,2]],[[2,2],[3,2]]]	0.222222	3	1.5000	20	2.0000	5.0000	2
[[[2,2],[3,2,2]],[[2,3],[2,2]]]	0.222222	3	1.5000	20	2.0000	5.0000	2
[[[2,2],[3,2,2]],[[3,2],[2,2]]]	0.222222	3	1.5000	20	2.0000	5.0000	2
[[[2,2],[3,2]],[[2,2,2],[3,2]]]	0.222222	3	1.5000	20	2.0000	5.0000	2
[[[2,2],[3,2]],[[2,2,3],[2,2]]]	0.222222	3	1.5000	20	2.0000	5.0000	2
[[[2,2],[3,2]],[[2,2],[2,2,3]]]	0.222222	3	1.5000	20	2.0000	5.0000	2
[[[2,2],[3,2]],[[2,2],[2,3,2]]]	0.222222	3	1.5000	20	2.0000	5.0000	2
[[[2,2],[3,2]],[[2,2],[3,2,2]]]	0.222222	3	1.5000	20	2.0000	5.0000	2
[[[2,2],[3,2]],[[2,3,2],[2,2]]]	0.222222	3	1.5000	20	2.0000	5.0000	2
[[[2,2],[3,2]],[[3,2,2],[2,2]]]	0.222222	3	1.5000	20	2.0000	5.0000	2
[[[2,2],[3,2]],[[3,2],[2,2,2]]]	0.222222	3	1.5000	20	2.0000	5.0000	2
[[[2,2],[3,2]],[[3,2],[3,3]]]	0.222222	3	1.5000	20	2.0000	5.0000	2
[[[2,2],[3,2]],[[3,3],[3,2]]]	0.222222	3	1.5000	20	2.0000	5.0000	2
[[[2,2],[3,3]],[[2,3],[2,3]]]	0.222222	3	1.5000	20	2.0000	5.0000	2
[[[2,2],[3,3]],[[3,2],[3,2]]]	0.222222	3	1.5000	20	2.0000	5.0000	2
[[[2,3,2],[2,2]],[[2,2],[2,3]]]	0.222222	3	1.5000	20	2.0000	5.0000	2
[[[2,3,2],[2,2]],[[2,2],[3,2]]]	0.222222	3	1.5000	20	2.0000	5.0000	2
[[[2,3,2],[2,2]],[[2,3],[2,2]]]	0.222222	3	1.5000	20	2.0000	5.0000	2
[[[2,3,2],[2,2]],[[3,2],[2,2]]]	0.222222	3	1.5000	20	2.0000	5.0000	2
[[[2,3,2],[2,3]],[[2,2],[2,2]]]	0.222222	3	1.5000	20	2.0000	5.0000	2
[[[2,3,2],[3,2]],[[2,2],[2,2]]]	0.222222	3	1.5000	20	2.0000	5.0000	2
[[[2,3],[2,2,2]],[[2,2],[2,3]]]	0.222222	3	1.5000	20	2.0000	5.0000	2
[[[2,3],[2,2,2]],[[2,3],[2,2]]]	0.222222	3	1.5000	20	2.0000	5.0000	2
[[[2,3],[2,2,3]],[[2,2],[2,2]]]	0.222222	3	1.5000	20	2.0000	5.0000	2
[[[2,3],[2,2]],[[2,2,2],[2,3]]]	0.222222	3	1.5000	20	2.0000	5.0000	2
[[[2,3],[2,2]],[[2,2,3],[2,2]]]	0.222222	3	1.5000	20	2.0000	5.0000	2
[[[2,3],[2,2]],[[2,2],[2,2,3]]]	0.222222	3	1.5000	20	2.0000	5.0000	2
[[[2,3],[2,2]],[[2,2],[2,3,2]]]	0.222222	3	1.5000	20	2.0000	5.0000	2
[[[2,3],[2,2]],[[2,2],[3,2,2]]]	0.222222	3	1.5000	20	2.0000	5.0000	2
[[[2,3],[2,2]],[[2,3,2],[2,2]]]	0.222222	3	1.5000	20	2.0000	5.0000	2
[[[2,3],[2,2]],[[2,3],[2,2,2]]]	0.222222	3	1.5000	20	2.0000	5.0000	2
[[[2,3],[2,2]],[[2,3],[3,3]]]	0.222222	3	1.5000	20	2.0000	5.0000	2
[[[2,3],[2,2]],[[3,2,2],[2,2]]]	0.222222	3	1.5000	20	2.0000	5.0000	2
[[[2,3],[2,2]],[[3,3],[2,3]]]	0.222222	3	1.5000	20	2.0000	5.0000	2
[[[2,3],[2,3,2]],[[2,2],[2,2]]]	0.222222	3	1.5000	20	2.0000	5.0000	2
[[[2,3],[2,3]],[[2,2,2],[2,2]]]	0.222222	3	1.5000	20	2.0000	5.0000	2
[[[2,3],[2,3]],[[2,2],[2,2,2]]]	0.222222	3	1.5000	20	2.0000	5.0000	2
[[[2,3],[2,3]],[[2,2],[3,3]]]	0.222222	3	1.5000	20	2.0000	5.0000	2
[[[2,3],[2,3]],[[3,3],[2,2]]]	0.222222	3	1.5000	20	2.0000	5.0000	2
[[[2,3],[3,2,2]],[[2,2],[2,2]]]	0.222222	3	1.5000	20	2.0000	5.0000	2
[[[2,3],[3,3]],[[2,2],[2,3]]]	0.222222	3	1.5000	20	2.0000	5.0000	2
[[[2,3],[3,3]],[[2,3],[2,2]]]	0.222222	3	1.5000	20	2.0000	5.0000	2
[[[3,2,2],[2,2]],[[2,2],[2,3]]]	0.222222	3	1.5000	20	2.0000	5.0000	2
[[[3,2,2],[2,2]],[[2,2],[3,2]]]	0.222222	3	1.5000	20	2.0000	5.0000	2
[[[3,2,2],[2,2]],[[2,3],[2,2]]]	0.222222	3	1.5000	20	2.0000	5.0000	2
[[[3,2,2],[2,2]],[[3,2],[2,2]]]	0.222222	3	1.5000	20	2.0000	5.0000	2
[[[3,2,2],[2,3]],[[2,2],[2,2]]]	0.222222	3	1.5000	20	2.0000	5.0000	2
[[[3,2,2],[3,2]],[[2,2],[2,2]]]	0.222222	3	1.5000	20	2.0000	5.0000	2
[[[3,2],[2,2,2]],[[2,2],[3,2]]]	0.222222	3	1.5000	20	2.0000	5.0000	2
[[[3,2],[2,2,2]],[[3,2],[2,2]]]	0.222222	3	1.5000	20	2.0000	5.0000	2
[[[3,2],[2,2,3]],[[2,2],[2,2]]]	0.222222	3	1.5000	20	2.0000	5.0000	2
[[[3,2],[2,2]],[[2,2,2],[3,2]]]	0.222222	3	1.5000	20	2.0000	5.0000	2
[[[3,2],[2,2]],[[2,2,3],[2,2]]]	0.222222	3	1.5000	20	2.0000	5.0000	2
[[[3,2],[2,2]],[[2,2],[2,2,3]]]	0.222222	3	1.5000	20	2.0000	5.0000	2
[[[3,2],[2,2]],[[2,2],[2,3,2]]]	0.222222	3	1.5000	20	2.0000	5.0000	2
[[[3,2],[2,2]],[[2,2],[3,2,2]]]	0.222222	3	1.5000	20	2.0000	5.0000	2
[[[3,2],[2,2]],[[2,3,2],[2,2]]]	0.222222	3	1.5000	20	2.0000	5.0000	2
[[[3,2],[2,2]],[[3,2,2],[2,2]]]	0.222222	3	1.5000	20	2.0000	5.0000	2
[[[3,2],[2,2]],[[3,2],[2,2,2]]]	0.222222	3	1.5000	20	2.0000	5.0000	2
[[[3,2],[2,2]],[[3,2],[3,3]]]	0.222222	3	1.5000	20	2.0000	5.0000	2
[[[3,2],[2,2]],[[3,3],[3,2]]]	0.222222	3	1.5000	20	2.0000	5.0000	2
[[[3,2],[2,3,2]],[[2,2],[2,2]]]	0.222222	3	1.5000	20	2.0000	5.0000	2
[[[3,2],[3,2,2]],[[2,2],[2,2]]]	0.222222	3	1.5000	20	2.0000	5.0000	2
[[[3,2],[3,2]],[[2,2,2],[2,2]]]	0.222222	3	1.5000	20	2.0000	5.0000	2
[[[3,2],[3,2]],[[2,2],[2,2,2]]]	0.222222	3	1.5000	20	2.0000	5.0000	2
[[[3,2],[3,2]],[[2,2],[3,3]]]	0.222222	3	1.5000	20	2.0000	5.0000	2
[[[3,2],[3,2]],[[3,3],[2,2]]]	0.222222	3	1.5000	20	2.0000	5.0000	2
[[[3,2],[3,3]],[[2,2],[3,2]]]	0.222222	3	1.5000	20	2.0000	5.0000	2
[[[3,2],[3,3]],[[3,2],[2,2]]]	0.222222	3	1.5000	20	2.0000	5.0000	2
[[[3,3],[2,2,2]],[[2,2],[2,2]]]	0.222222	3	1.5000	20	2.0000	5.0000	2
[[[3,3],[2,2]],[[2,3],[2,3]]]	0.222222	3	1.5000	20	2.0000	5.0000	2
[[[3,3],[2,2]],[[3,2],[3,2]]]	0.222222	3	1.5000	20	2.0000	5.0000	2
[[[3,3],[2,3]],[[2,2],[2,3]]]	0.222222	3	1.5000	20	2.0000	5.0000	2
[[[3,3],[2,3]],[[2,3],[2,2]]]	0.222222	3	1.5000	20	2.0000	5.0000	2
[[[3,3],[3,2]],[[2,2],[3,2]]]	0.222222	3	1.5000	20	2.0000	5.0000	2
[[[3,3],[3,2]],[[3,2],[2,2]]]	0.222222	3	1.5000	20	2.0000	5.0000	2
[[[2,2,2],[2,2]],[[2,3],[3,2]]]	0.166667	4	1.5000	20	2.0000	5.0000	2
[[[2,2,2],[2,2]],[[3,2],[2,3]]]	0.166667	4	1.5000	20	2.0000	5.0000	2
[[[2,2,2],[2,3]],[[2,2],[3,2]]]	0.166667	4	1.5000	20	2.0000	5.0000	2
[[[2,2,2],[2,3]],[[3,2],[2,2]]]	0.166667	4	1.5000	20	2.0000	5.0000	2
[[[2,2,2],[3,2]],[[2,2],[2,3]]]	0.166667	4	1.5000	20	2.0000	5.0000	2
[[[2,2,2],[3,2]],[[2,3],[2,2]]]	0.166667	4	1.5000	20	2.0000	5.0000	2
[[[2,2],[2,2,2]],[[2,3],[3,2]]]	0.166667	4	1.5000	20	2.0000	5.0000	2
[[[2,2],[2,2,2]],[[3,2],[2,3]]]	0.166667	4	1.5000	20	2.0000	5.0000	2
[[[2,2],[2,3]],[[2,2,2],[3,2]]]	0.166667	4	1.5000	20	2.0000	5.0000	2
[[[2,2],[2,3]],[[3,2],[2,2,2]]]	0.166667	4	1.5000	20	2.0000	5.0000	2
[[[2,2],[2,3]],[[3,2],[3,3]]]	0.166667	4	1.5000	20	2.0000	5.0000	2
[[[2,2],[2,3]],[[3,3],[3,2]]]	0.166667	4	1.5000	20	2.0000	5.0000	2
[[[2,2],[3,2]],[[2,2,2],[2,3]]]	0.166667	4	1.5000	20	2.0000	5.0000	2
[[[2,2],[3,2]],[[2,3],[2,2,2]]]	0.166667	4	1.5000	20	2.0000	5.0000	2
[[[2,2],[3,2]],[[2,3],[3,3]]]	0.166667	4	1.5000	20	2.0000	5.0000	2
[[[2,2],[3,2]],[[3,3],[2,3]]]	0.166667	4	1.5000	20	2.0000	5.0000	2
[[[2,2],[3,3]],[[2,3],[3,2]]]	0.166667	4	1.5000	20	2.0000	5.0000	2
[[[2,2],[3,3]],[[3,2],[2,3]]]	0.166667	4	1.5000	20	2.0000	5.0000	2
[[[2,3],[2,2,2]],[[2,2],[3,2]]]	0.166667	4	1.5000	20	2.0000	5.0000	2
[[[2,3],[2,2,2]],[[3,2],[2,2]]]	0.166667	4	1.5000	20	2.0000	5.0000	2
[[[2,3],[2,2]],[[2,2,2],[3,2]]]	0.166667	4	1.5000	20	2.0000	5.0000	2
[[[2,3],[2,2]],[[3,2],[2,2,2]]]	0.166667	4	1.5000	20	2.0000	5.0000	2
[[[2,3],[2,2]],[[3,2],[3,3]]]	0.166667	4	1.5000	20	2.0000	5.0000	2
[[[2,3],[2,2]],[[3,3],[3,2]]]	0.166667	4	1.5000	20	2.0000	5.0000	2
[[[2,3],[3,2]],[[2,2,2],[2,2]]]	0.166667	4	1.5000	20	2.0000	5.0000	2
[[[2,3],[3,2]],[[2,2],[2,2,2]]]	0.166667	4	1.5000	20	2.0000	5.0000	2
[[[2,3],[3,2]],[[2,2],[3,3]]]	0.166667	4	1.5000	20	2.0000	5.0000	2
[[[2,3],[3,2]],[[3,3],[2,2]]]	0.166667	4	1.5000	20	2.0000	5.0000	2
[[[2,3],[3,3]],[[2,2],[3,2]]]	0.166667	4	1.5000	20	2.0000	5.0000	2
[[[2,3],[3,3]],[[3,2],[2,2]]]	0.166667	4	1.5000	20	2.0000	5.0000	2
[[[3,2],[2,2,2]],[[2,2],[2,3]]]	0.166667	4	1.5000	20	2.0000	5.0000	2
[[[3,2],[2,2,2]],[[2,3],[2,2]]]	0.166667	4	1.5000	20	2.0000	5.0000	2
[[[3,2],[2,2]],[[2,2,2],[2,3]]]	0.166667	4	1.5000	20	2.0000	5.0000	2
[[[3,2],[2,2]],[[2,3],[2,2,2]]]	0.166667	4	1.5000	20	2.0000	5.0000	2
[[[3,2],[2,2]],[[2,3],[3,3]]]	0.166667	4	1.5000	20	2.0000	5.0000	2
[[[3,2],[2,2]],[[3,3],[2,3]]]	0.166667	4	1.5000	20	2.0000	5.0000	2
[[[3,2],[2,3]],[[2,2,2],[2,2]]]	0.166667	4	1.5000	20	2.0000	5.0000	2
[[[3,2],[2,3]],[[2,2],[2,2,2]]]	0.166667	4	1.5000	20	2.0000	5.0000	2
[[[3,2],[2,3]],[[2,2],[3,3]]]	0.166667	4	1.5000	20	2.0000	5.0000	2
[[[3,2],[2,3]],[[3,3],[2,2]]]	0.166667	4	1.5000	20	2.0000	5.0000	2
[[[3,2],[3,3]],[[2,2],[2,3]]]	0.166667	4	1.5000	20	2.0000	5.0000	2
[[[3,2],[3,3]],[[2,3],[2,2]]]	0.166667	4	1.5000	20	2.0000	5.0000	2
[[[3,3],[2,2]],[[2,3],[3,2]]]	0.166667	4	1.5000	20	2.0000	5.0000	2
[[[3,3],[2,2]],[[3,2],[2,3]]]	0.166667	4	1.5000	20	2.0000	5.0000	2
[[[3,3],[2,3]],[[2,2],[3,2]]]	0.166667	4	1.5000	20	2.0000	5.0000	2
[[[3,3],[2,3]],[[3,2],[2,2]]]	0.166667	4	1.5000	20	2.0000	5.0000	2
[[[3,3],[3,2]],[[2,2],[2,3]]]	0.166667	4	1.5000	20	2.0000	5.0000	2
[[[3,3],[3,2]],[[2,3],[2,2]]]	0.166667	4	1.5000	20	2.0000	5.0000	2
